プラン,月額料金,契約月数,直近30日ログイン日数,月間視聴時間,サポート問合せ回数,値上げ経験,解約
ライト,790,5,21,43.0,2,1,0
スタンダード,990,10,15,30.3,1,1,0
ライト,790,12,3,3.8,1,1,1
スタンダード,1480,17,15,27.3,1,1,0
プレミアム,1980,7,3,13.6,0,0,1
ライト,790,4,4,12.2,0,1,1
ライト,790,13,13,23.9,1,0,1
ライト,490,19,4,7.3,1,0,0
スタンダード,990,25,15,17.4,2,0,0
スタンダード,1480,28,19,25.3,0,0,0
スタンダード,990,3,4,13.2,0,1,1
ライト,490,5,22,36.4,1,0,0
プレミアム,1980,8,16,39.3,1,0,0
ライト,790,31,7,14.8,2,0,1
スタンダード,990,7,9,12.8,0,0,0
ライト,490,12,20,50.5,2,0,0
ライト,790,29,13,30.1,0,0,0
スタンダード,990,2,11,33.9,1,0,0
スタンダード,1480,12,22,0.6,1,1,0
ライト,790,14,15,30.2,0,0,0
プレミアム,1980,21,19,27.4,0,0,0
プレミアム,1980,6,16,38.8,0,0,0
スタンダード,1480,2,3,3.6,1,1,1
スタンダード,990,1,6,8.2,3,1,1
ライト,790,6,5,11.9,0,1,0
ライト,490,24,3,9.1,6,0,1
プレミアム,1980,30,3,1.2,1,0,0
スタンダード,990,23,16,42.1,0,0,0
ライト,490,21,8,18.8,0,0,0
ライト,490,14,12,25.0,2,1,0
ライト,790,6,7,5.2,0,0,1
スタンダード,1480,23,9,17.6,0,1,0
スタンダード,990,2,21,38.2,0,0,0
スタンダード,990,9,13,25.2,1,1,0
ライト,790,20,6,15.0,0,0,0
スタンダード,1480,19,5,7.2,1,0,1
ライト,790,14,19,33.3,2,1,0
スタンダード,990,14,20,21.1,3,0,0
ライト,790,4,7,9.3,1,0,1
ライト,490,17,10,32.9,1,0,1
スタンダード,1480,25,0,0.0,2,1,0
ライト,490,18,14,37.2,0,0,0
プレミアム,1980,28,22,45.3,1,1,0
スタンダード,1480,9,17,9.7,1,1,0
ライト,490,7,7,18.6,1,1,0
ライト,490,16,16,2.8,0,1,0
プレミアム,1980,13,15,24.6,0,0,0
プレミアム,1980,15,0,6.3,3,1,1
スタンダード,1480,32,4,14.1,2,0,1
スタンダード,990,4,24,43.9,0,0,0
ライト,490,11,8,22.5,1,0,0
プレミアム,1980,12,22,22.2,1,1,0
ライト,790,3,16,13.2,1,1,1
プレミアム,1980,13,9,27.3,0,1,0
スタンダード,990,2,11,29.7,1,1,1
スタンダード,990,22,30,12.4,2,0,0
スタンダード,990,3,24,81.0,3,0,0
プレミアム,1980,28,14,12.2,1,1,0
ライト,490,5,8,18.3,1,1,0
スタンダード,990,7,17,43.3,1,1,0
スタンダード,1480,15,7,21.1,1,0,1
スタンダード,990,8,18,33.5,1,0,0
ライト,790,13,13,32.0,1,0,0
スタンダード,990,3,18,37.6,1,0,0
スタンダード,1480,6,14,17.1,0,1,1
ライト,490,14,16,49.4,1,1,0
ライト,490,8,7,22.7,1,1,0
スタンダード,990,35,25,42.0,2,0,0
スタンダード,1480,19,10,22.0,0,0,0
ライト,790,13,11,12.6,1,0,0
プレミアム,1980,13,9,4.3,1,1,1
ライト,790,21,11,22.8,0,0,0
スタンダード,1480,13,14,23.3,0,1,0
ライト,490,17,0,4.0,1,0,1
プレミアム,1980,5,29,31.9,1,1,0
スタンダード,990,37,26,71.1,0,1,0
プレミアム,1980,17,20,47.6,1,1,0
ライト,490,3,21,43.2,1,0,0
ライト,790,13,0,5.0,1,0,1
ライト,790,7,26,73.3,0,0,0
プレミアム,1980,2,16,30.8,0,0,0
スタンダード,1480,22,5,15.4,0,0,0
スタンダード,990,18,23,34.6,1,1,0
プレミアム,1980,15,16,32.4,2,0,1
プレミアム,1980,17,0,3.2,0,1,1
スタンダード,1480,16,10,23.1,1,1,1
プレミアム,1980,21,23,63.3,0,1,0
スタンダード,1480,3,12,24.6,3,1,1
プレミアム,1980,6,14,42.1,2,0,0
ライト,790,12,20,46.9,3,1,0
ライト,490,16,20,31.6,3,0,0
プレミアム,1980,3,8,5.2,1,0,1
スタンダード,1480,13,17,25.4,1,0,0
スタンダード,1480,8,1,7.6,2,1,1
プレミアム,1980,5,10,4.2,0,1,1
スタンダード,1480,6,0,1.5,1,0,1
スタンダード,990,8,9,20.9,0,0,0
ライト,790,10,8,26.5,2,1,0
ライト,490,4,21,4.5,2,0,0
スタンダード,1480,17,11,25.4,1,0,0
スタンダード,990,2,9,12.4,1,0,0
ライト,790,2,3,11.8,3,1,1
ライト,790,11,17,39.9,1,0,0
ライト,790,4,16,7.9,3,0,0
プレミアム,1980,8,16,27.0,1,0,0
ライト,790,12,4,10.6,1,0,1
ライト,790,12,18,41.7,0,0,0
ライト,490,6,6,11.8,1,0,1
スタンダード,1480,11,8,4.2,0,0,0
ライト,490,14,13,35.0,2,0,0
ライト,790,9,16,20.4,1,0,0
プレミアム,1980,15,22,40.0,1,1,0
プレミアム,1980,7,7,12.2,2,1,1
ライト,790,13,17,25.5,0,0,0
スタンダード,990,3,0,0.8,2,0,1
ライト,490,9,10,17.8,3,0,0
ライト,490,11,13,39.5,1,0,0
ライト,790,23,13,21.1,1,0,0
ライト,490,27,11,26.6,2,1,0
プレミアム,1980,7,13,10.3,1,1,1
スタンダード,990,7,8,23.9,1,0,0
ライト,790,9,21,49.6,1,1,1
ライト,790,7,15,39.1,2,0,1
プレミアム,1980,22,14,15.1,0,0,1
ライト,490,6,15,14.2,1,0,0
プレミアム,1980,3,22,72.4,2,0,0
プレミアム,1980,28,10,19.0,1,0,0
ライト,790,6,0,0.8,2,0,1
スタンダード,990,1,7,8.0,1,1,1
ライト,790,2,26,37.8,2,1,0
ライト,790,20,18,19.0,0,0,0
ライト,490,21,19,37.3,1,1,0
ライト,490,3,23,22.6,0,0,0
スタンダード,990,2,12,7.4,0,1,0
スタンダード,990,8,7,18.9,0,0,1
プレミアム,1980,3,18,18.1,1,0,0
ライト,490,29,20,28.1,1,1,0
スタンダード,1480,7,16,25.6,1,1,1
ライト,790,9,14,34.1,1,1,0
スタンダード,1480,18,7,7.5,1,1,0
プレミアム,1980,12,10,15.0,1,0,1
スタンダード,990,12,15,37.4,1,0,0
スタンダード,990,8,18,54.8,1,0,0
スタンダード,990,23,15,32.1,0,0,0
スタンダード,990,20,14,21.2,2,0,0
ライト,490,9,8,23.8,2,0,0
スタンダード,990,4,16,15.9,2,0,0
ライト,490,17,15,24.2,0,0,0
スタンダード,1480,3,0,0.0,0,1,1
プレミアム,1980,11,28,50.3,0,0,0
ライト,790,6,25,43.5,0,1,0
プレミアム,1980,7,18,15.6,2,0,0
スタンダード,990,2,13,21.2,3,1,1
スタンダード,990,11,17,34.1,2,0,0
スタンダード,1480,9,15,28.9,0,1,1
ライト,490,19,3,6.8,1,0,1
スタンダード,1480,16,9,23.7,0,0,0
ライト,790,15,22,39.2,1,1,0
スタンダード,990,3,6,9.6,2,1,0
プレミアム,1980,14,9,15.7,2,0,1
プレミアム,1980,18,6,8.9,2,0,1
スタンダード,1480,21,21,11.4,1,0,0
スタンダード,990,24,10,15.7,1,0,0
ライト,790,16,19,40.3,0,0,0
スタンダード,990,21,0,1.5,0,1,1
プレミアム,1980,11,0,3.1,1,1,1
スタンダード,1480,9,23,24.8,2,0,0
ライト,790,14,6,10.4,0,0,0
プレミアム,1980,5,7,9.5,2,1,1
スタンダード,990,9,9,8.4,2,0,0
スタンダード,990,12,7,8.4,1,1,0
スタンダード,990,11,20,36.7,1,0,0
スタンダード,990,6,6,12.8,0,0,0
ライト,790,5,27,43.1,1,0,0
スタンダード,990,18,17,30.5,2,0,0
スタンダード,990,18,16,34.3,0,0,0
スタンダード,990,2,9,13.0,1,0,1
スタンダード,1480,5,10,26.5,1,0,1
ライト,490,27,0,2.1,1,0,1
スタンダード,1480,10,6,5.1,1,0,0
ライト,790,22,13,7.1,2,0,0
ライト,790,14,22,39.9,0,0,0
スタンダード,1480,18,25,24.9,2,0,0
ライト,790,5,10,13.5,1,0,0
スタンダード,990,29,18,47.5,1,0,0
ライト,790,2,11,10.8,1,0,0
ライト,490,3,1,6.1,1,0,1
プレミアム,1980,4,12,13.0,2,0,1
プレミアム,1980,17,20,43.2,0,0,0
ライト,790,9,8,19.4,0,0,0
ライト,790,7,19,50.3,1,1,0
プレミアム,1980,8,7,1.0,0,1,0
プレミアム,1980,24,17,33.4,2,0,1
プレミアム,1980,8,10,28.4,2,0,1
ライト,490,14,5,9.6,1,0,1
スタンダード,990,8,6,13.3,0,1,0
スタンダード,990,23,17,35.3,0,0,0
スタンダード,1480,19,9,26.9,2,0,0
ライト,490,19,17,36.6,2,1,1
プレミアム,1980,9,23,38.7,1,0,0
スタンダード,990,11,7,20.9,0,0,0
スタンダード,990,21,19,27.4,0,1,0
スタンダード,990,30,19,32.6,2,0,0
ライト,490,4,19,42.9,0,1,0
ライト,490,7,11,15.9,1,1,0
プレミアム,1980,9,17,35.9,1,0,0
スタンダード,1480,27,12,4.5,1,0,0
スタンダード,1480,6,17,27.3,0,1,0
プレミアム,1980,34,18,62.3,1,0,0
ライト,490,7,13,14.1,1,1,0
ライト,790,13,15,29.5,1,1,0
スタンダード,1480,4,10,20.2,0,0,0
ライト,490,4,5,11.2,1,0,1
プレミアム,1980,19,15,39.2,0,0,0
プレミアム,1980,25,12,18.4,2,0,0
スタンダード,990,12,12,13.1,0,0,0
スタンダード,1480,17,5,15.1,2,0,0
ライト,490,13,5,4.1,1,1,0
ライト,790,1,19,6.0,2,0,0
ライト,790,12,10,18.4,2,1,1
ライト,490,5,23,14.5,1,0,0
スタンダード,990,2,7,14.4,1,0,1
スタンダード,1480,6,25,20.8,3,0,0
ライト,490,5,11,35.6,2,0,0
プレミアム,1980,5,5,10.7,1,1,1
ライト,490,3,19,28.2,1,1,1
スタンダード,1480,9,29,55.2,0,0,0
ライト,490,2,13,18.4,1,0,0
スタンダード,1480,15,3,9.4,1,1,0
ライト,790,13,30,54.6,1,0,0
スタンダード,990,12,8,20.3,2,0,0
スタンダード,990,31,30,51.3,5,0,0
スタンダード,1480,2,30,41.4,0,0,0
スタンダード,1480,7,19,51.0,0,1,0
ライト,790,12,8,6.3,1,1,1
ライト,790,43,13,24.3,2,0,0
スタンダード,990,18,5,8.6,1,0,0
プレミアム,1980,33,14,33.8,1,0,0
スタンダード,990,8,9,30.5,0,0,0
スタンダード,1480,25,0,2.3,1,0,1
ライト,490,11,6,20.8,0,0,0
ライト,790,6,7,26.6,1,0,0
スタンダード,1480,2,24,72.5,0,1,0
プレミアム,1980,10,27,19.2,0,0,0
プレミアム,1980,8,13,20.9,0,1,0
ライト,490,12,17,45.2,2,0,0
ライト,490,13,19,6.9,0,0,0
スタンダード,1480,7,22,22.0,1,0,0
ライト,490,10,0,0.0,2,0,1
ライト,790,2,11,16.3,2,0,0
ライト,490,22,2,7.6,0,0,1
プレミアム,1980,16,0,1.6,1,0,1
ライト,790,3,13,26.0,0,1,1
スタンダード,990,2,25,37.3,0,1,0
スタンダード,1480,5,17,17.2,1,0,0
スタンダード,990,27,10,14.2,1,0,0
ライト,490,7,0,0.5,2,0,0
スタンダード,990,12,14,0.0,1,0,0
ライト,790,14,4,10.6,2,0,0
プレミアム,1980,9,4,3.3,1,1,1
ライト,490,12,8,22.8,3,0,0
ライト,790,7,9,24.9,2,0,0
プレミアム,1980,3,10,27.6,0,0,1
スタンダード,990,27,21,39.0,0,0,0
スタンダード,1480,18,27,66.8,2,1,0
スタンダード,990,3,14,32.5,0,0,0
スタンダード,1480,6,9,15.3,0,0,1
スタンダード,990,3,0,0.0,0,0,1
ライト,790,2,21,27.3,0,0,0
スタンダード,1480,15,23,47.3,1,0,0
スタンダード,1480,11,18,36.3,1,1,0
ライト,790,6,18,37.1,0,1,0
ライト,490,14,6,12.6,1,0,0
ライト,790,12,19,53.5,2,0,0
プレミアム,1980,15,16,27.0,1,0,0
ライト,490,3,20,18.5,1,1,0
プレミアム,1980,21,23,55.7,2,1,0
ライト,790,9,22,57.2,1,1,1
プレミアム,1980,4,19,26.4,3,0,0
ライト,790,6,29,45.6,0,0,0
ライト,790,1,8,11.8,0,0,1
スタンダード,990,21,10,19.8,0,0,0
プレミアム,1980,5,6,13.1,1,0,0
スタンダード,990,9,10,12.8,1,0,0
スタンダード,1480,5,14,26.9,0,1,0
ライト,490,10,27,62.6,2,0,0
ライト,790,12,10,19.8,0,1,0
プレミアム,1980,11,11,16.9,1,0,0
プレミアム,1980,28,21,28.1,1,0,0
ライト,790,5,16,36.8,2,0,0
スタンダード,990,22,6,7.3,1,0,0
スタンダード,990,15,10,33.3,1,0,0
ライト,790,17,4,16.1,2,0,1
スタンダード,990,27,6,1.7,1,0,0
ライト,790,17,29,49.4,1,1,0
スタンダード,990,35,18,35.9,1,0,0
スタンダード,1480,10,14,15.4,1,1,0
スタンダード,1480,17,4,10.0,2,1,1
スタンダード,990,37,6,5.2,1,0,0
ライト,790,8,5,16.0,1,1,0
プレミアム,1980,15,20,49.3,3,1,0
スタンダード,1480,7,10,19.3,0,0,0
スタンダード,990,19,10,16.6,2,0,1
ライト,790,24,0,4.3,1,1,1
プレミアム,1980,14,11,24.7,3,1,1
ライト,490,21,12,32.0,1,1,1
スタンダード,990,9,17,22.5,3,1,0
プレミアム,1980,29,28,60.8,1,0,0
ライト,490,5,1,0.5,1,0,1
プレミアム,1980,3,20,22.7,2,1,0
ライト,490,3,7,13.3,2,0,0
プレミアム,1980,14,1,2.7,1,0,1
プレミアム,1980,6,2,0.0,0,0,0
プレミアム,1980,14,12,32.8,1,0,0
ライト,790,7,6,6.0,0,0,0
プレミアム,1980,4,22,55.6,1,1,1
ライト,490,13,14,14.8,2,1,1
ライト,490,24,23,57.4,1,1,0
ライト,490,12,1,9.1,1,1,0
ライト,790,17,13,7.9,2,0,1
プレミアム,1980,4,12,28.2,0,1,0
プレミアム,1980,29,13,37.5,0,0,0
スタンダード,1480,6,0,3.4,2,0,1
スタンダード,1480,8,15,30.0,2,0,0
スタンダード,990,15,0,0.0,1,1,0
ライト,790,10,4,4.1,1,1,1
スタンダード,990,14,16,24.5,1,0,0
ライト,490,27,15,36.1,2,0,0
ライト,790,9,5,14.9,1,0,0
スタンダード,990,14,1,4.1,3,0,1
ライト,790,12,13,4.5,2,0,0
ライト,490,7,26,28.8,1,0,0
スタンダード,1480,23,3,9.8,1,0,0
ライト,790,20,16,28.4,1,0,0
スタンダード,1480,16,14,19.3,2,0,0
ライト,790,5,11,28.9,1,0,1
ライト,790,3,3,10.3,2,0,1
スタンダード,1480,8,0,7.3,0,1,1
プレミアム,1980,11,2,6.3,2,1,1
ライト,790,14,22,22.5,2,0,0
スタンダード,1480,5,9,15.2,3,1,1
プレミアム,1980,11,0,0.4,1,0,0
スタンダード,1480,9,5,0.0,1,1,1
ライト,490,16,28,68.0,0,1,0
ライト,790,9,20,29.9,1,0,0
プレミアム,1980,47,0,3.0,1,1,1
スタンダード,990,2,14,10.5,1,1,1
ライト,490,39,19,17.4,1,0,0
スタンダード,990,21,13,29.9,1,0,1
スタンダード,990,16,2,3.8,2,1,0
ライト,790,12,16,30.4,0,0,0
ライト,790,10,20,29.4,2,0,0
ライト,490,15,4,9.9,1,1,1
ライト,790,4,4,8.0,1,1,1
スタンダード,990,19,3,4.4,3,0,1
ライト,490,11,24,30.2,1,0,0
スタンダード,1480,3,4,10.9,2,1,0
ライト,790,4,23,71.8,1,0,0
スタンダード,990,10,18,40.1,3,0,0
ライト,790,14,15,20.7,1,0,0
プレミアム,1980,14,9,32.0,1,1,0
ライト,490,11,21,29.0,1,1,0
プレミアム,1980,12,7,12.2,2,1,1
スタンダード,990,6,7,15.9,1,1,1
スタンダード,1480,14,14,19.8,0,0,0
プレミアム,1980,26,12,15.0,3,0,0
ライト,490,8,23,32.6,1,0,0
ライト,490,20,14,35.4,1,0,1
ライト,490,15,17,16.7,1,0,0
ライト,790,14,9,20.3,1,0,0
ライト,490,7,19,50.9,1,0,0
スタンダード,990,6,24,51.5,1,0,0
ライト,490,16,25,52.9,2,1,0
ライト,790,2,5,15.0,1,0,0
ライト,790,1,10,21.2,1,1,0
ライト,490,13,4,0.0,0,0,0
プレミアム,1980,11,17,32.3,1,0,0
スタンダード,1480,24,14,23.1,1,0,0
スタンダード,990,17,6,3.8,0,0,1
スタンダード,990,24,18,12.9,1,1,0
スタンダード,1480,1,25,48.1,0,0,0
スタンダード,990,4,6,8.1,1,0,1
スタンダード,1480,40,8,11.5,0,0,0
スタンダード,990,8,6,15.6,2,1,1
スタンダード,990,14,11,18.8,1,1,0
ライト,790,2,11,22.8,1,1,1
ライト,790,9,23,21.0,1,0,0
スタンダード,990,5,14,15.3,3,0,0
スタンダード,1480,9,3,1.2,2,1,0
ライト,790,25,25,51.5,2,0,0
ライト,490,8,16,40.1,0,1,0
ライト,490,10,22,29.6,1,0,0
プレミアム,1980,8,14,16.0,1,0,0
ライト,790,2,2,2.0,3,0,1
スタンダード,990,4,17,19.7,0,0,0
プレミアム,1980,4,24,21.1,1,1,0
プレミアム,1980,8,15,26.6,2,1,0
プレミアム,1980,2,1,0.0,1,0,0
ライト,790,10,2,4.8,1,0,1
プレミアム,1980,17,15,23.9,0,0,0
ライト,490,13,18,61.9,1,1,0
プレミアム,1980,15,14,19.4,0,0,0
ライト,490,15,25,63.1,3,1,0
ライト,490,4,20,8.6,0,0,0
ライト,790,3,1,4.5,1,0,1
スタンダード,1480,7,0,0.0,2,0,0
スタンダード,990,10,13,24.9,2,1,0
ライト,790,8,1,2.3,1,0,1
プレミアム,1980,2,0,6.1,1,0,0
ライト,490,24,23,25.2,1,0,0
ライト,490,14,16,31.0,0,0,0
ライト,490,20,8,11.3,1,0,0
ライト,490,26,15,18.7,0,0,0
プレミアム,1980,2,19,45.5,0,1,0
スタンダード,990,6,9,7.8,1,1,1
プレミアム,1980,27,14,35.5,0,0,0
プレミアム,1980,22,7,15.5,1,0,1
スタンダード,990,18,5,18.0,1,1,0
スタンダード,990,23,10,17.8,1,0,1
プレミアム,1980,25,6,5.7,1,1,1
スタンダード,990,36,8,9.5,0,0,0
ライト,490,12,18,28.1,0,1,0
プレミアム,1980,14,19,17.1,2,1,1
プレミアム,1980,11,5,13.5,1,0,0
ライト,790,7,3,0.0,2,0,1
スタンダード,990,32,0,2.3,1,1,0
ライト,790,7,16,40.0,2,1,0
ライト,790,32,10,11.8,1,0,0
スタンダード,990,15,15,30.9,0,1,0
プレミアム,1980,6,17,13.7,0,1,1
ライト,490,5,0,5.0,0,1,0
スタンダード,990,10,14,25.6,0,1,0
プレミアム,1980,20,15,16.0,1,0,0
スタンダード,990,5,14,43.9,2,1,0
プレミアム,1980,9,16,13.8,2,0,0
ライト,790,4,8,11.4,1,0,1
スタンダード,990,28,2,8.7,1,1,0
ライト,790,2,12,15.7,1,1,0
プレミアム,1980,14,18,47.5,1,1,0
プレミアム,1980,13,18,30.1,1,0,0
プレミアム,1980,11,13,33.0,1,0,0
プレミアム,1980,4,8,12.3,1,1,1
ライト,790,10,5,19.0,2,0,0
スタンダード,990,14,3,5.9,1,1,1
プレミアム,1980,12,10,29.4,2,1,1
スタンダード,1480,15,7,9.3,1,0,0
ライト,490,7,23,47.3,2,0,0
ライト,790,16,9,35.6,0,0,0
スタンダード,1480,15,17,30.1,3,0,0
プレミアム,1980,6,12,38.6,2,1,1
ライト,490,20,29,64.3,0,0,0
プレミアム,1980,22,7,14.5,1,0,0
プレミアム,1980,23,21,49.5,0,1,0
スタンダード,1480,12,14,33.9,1,0,0
ライト,490,8,23,30.7,1,0,0
ライト,490,4,8,13.9,1,1,1
スタンダード,1480,6,4,4.9,1,0,0
ライト,790,8,0,6.5,2,0,0
プレミアム,1980,15,16,23.5,0,0,0
スタンダード,1480,3,7,6.7,0,1,1
スタンダード,990,6,5,16.5,2,0,0
スタンダード,990,8,7,12.1,1,0,0
プレミアム,1980,19,14,31.7,1,1,0
ライト,790,2,5,12.5,1,0,0
スタンダード,1480,9,23,59.0,0,1,0
ライト,790,9,7,2.4,0,0,0
ライト,790,13,7,16.4,1,1,0
スタンダード,990,2,27,30.8,0,1,0
プレミアム,1980,2,5,8.2,2,0,1
スタンダード,1480,1,5,10.8,1,1,1
プレミアム,1980,5,8,21.7,2,1,1
スタンダード,1480,10,4,10.4,2,1,0
スタンダード,990,14,7,20.6,1,1,0
スタンダード,1480,1,17,11.8,2,0,1
スタンダード,1480,18,8,17.2,1,0,0
スタンダード,990,37,9,23.5,1,0,0
ライト,490,2,17,28.8,2,0,0
プレミアム,1980,9,23,32.5,2,0,0
ライト,790,6,8,15.2,0,1,0
スタンダード,990,8,16,22.7,0,1,0
スタンダード,990,13,2,2.0,1,0,1
スタンダード,1480,23,22,11.5,0,0,0
スタンダード,990,4,10,19.0,1,0,0
スタンダード,1480,25,19,40.4,2,1,0
スタンダード,990,6,10,16.9,1,1,1
スタンダード,990,6,26,55.8,3,1,0
スタンダード,1480,19,15,29.8,0,0,0
プレミアム,1980,19,0,8.2,1,1,1
ライト,490,10,21,37.4,2,0,0
プレミアム,1980,3,14,42.9,4,0,1
ライト,490,5,14,29.9,0,0,0
ライト,790,9,21,55.7,1,0,0
プレミアム,1980,26,19,51.9,2,0,0
スタンダード,990,17,11,27.2,0,0,0
プレミアム,1980,18,14,29.8,1,0,0
ライト,790,11,21,48.8,3,0,0
スタンダード,1480,30,9,15.0,2,0,0
スタンダード,1480,13,6,6.5,1,0,1
ライト,490,18,25,0.0,0,0,0
スタンダード,1480,13,21,64.1,2,0,0
プレミアム,1980,8,12,13.9,1,1,1
ライト,490,1,24,23.0,2,0,0
ライト,790,8,15,15.1,1,0,0
スタンダード,990,12,17,18.2,2,1,0
スタンダード,990,8,7,3.4,2,1,0
ライト,490,8,18,33.4,1,1,0
ライト,790,7,11,29.9,1,0,0
スタンダード,990,2,19,35.2,1,1,0
スタンダード,990,15,15,47.5,0,1,0
スタンダード,1480,14,10,15.8,1,0,0
スタンダード,990,10,10,6.4,0,1,0
ライト,490,9,17,47.9,0,1,0
プレミアム,1980,21,23,70.0,1,0,0
ライト,490,5,17,24.7,0,0,0
ライト,490,21,15,32.9,3,0,0
プレミアム,1980,12,26,47.1,1,0,0
プレミアム,1980,36,9,14.8,0,0,0
プレミアム,1980,7,17,39.1,1,0,1
スタンダード,990,7,9,21.8,3,1,0
スタンダード,990,29,14,45.8,1,0,0
スタンダード,1480,25,9,14.7,0,0,0
スタンダード,1480,40,0,0.5,1,1,1
スタンダード,1480,27,18,44.0,2,0,0
プレミアム,1980,18,11,23.6,1,1,0
ライト,790,18,7,8.7,1,0,0
ライト,790,14,12,16.5,2,1,1
スタンダード,990,4,5,11.8,1,0,1
スタンダード,1480,3,0,0.0,0,0,1
ライト,790,13,11,17.6,0,0,0
スタンダード,1480,30,0,1.4,0,0,0
スタンダード,1480,3,8,9.9,1,0,0
ライト,490,25,3,7.6,0,1,0
プレミアム,1980,11,24,31.9,0,1,1
ライト,490,16,27,36.8,3,0,0
スタンダード,990,5,26,43.9,2,1,0
プレミアム,1980,10,4,9.5,1,1,1
ライト,490,14,0,5.5,2,1,1
プレミアム,1980,27,17,22.3,1,0,0
ライト,490,2,7,22.8,1,0,0
スタンダード,990,6,19,49.7,1,1,0
ライト,790,26,10,13.5,0,0,0
プレミアム,1980,32,30,57.9,2,1,0
スタンダード,1480,2,7,5.9,2,0,1
ライト,490,12,17,35.9,3,0,0
ライト,790,5,0,0.2,0,0,0
プレミアム,1980,33,12,24.4,1,0,0
スタンダード,990,3,22,58.7,0,0,0
プレミアム,1980,15,14,30.7,1,0,0
ライト,490,36,17,32.6,1,0,0
ライト,490,29,16,26.9,1,0,0
プレミアム,1980,13,25,75.7,2,0,0
ライト,490,7,24,30.4,2,0,0
ライト,790,19,9,23.8,1,1,0
スタンダード,990,11,29,86.6,1,0,0
ライト,790,20,13,24.9,2,0,0
プレミアム,1980,2,6,14.2,1,0,1
ライト,490,15,13,18.0,1,0,0
ライト,490,16,23,13.8,0,0,0
ライト,790,2,23,50.4,0,0,0
スタンダード,990,8,10,0.0,1,0,0
スタンダード,990,4,5,3.0,3,0,1
スタンダード,990,7,7,20.9,2,1,1
スタンダード,990,18,10,27.9,1,1,0
ライト,790,22,11,14.1,2,0,0
スタンダード,990,22,17,39.0,0,0,0
ライト,490,9,12,12.2,1,0,0
プレミアム,1980,14,13,24.6,3,1,1
ライト,490,18,17,43.5,1,0,0
スタンダード,990,16,10,19.8,0,0,1
ライト,790,13,22,27.6,0,1,0
プレミアム,1980,16,17,23.5,1,0,0
プレミアム,1980,15,21,55.8,1,1,0
プレミアム,1980,3,24,56.2,1,0,0
スタンダード,1480,11,4,8.7,1,0,0
ライト,490,8,9,3.5,0,0,0
ライト,790,8,9,22.1,1,0,0
スタンダード,990,16,22,37.7,2,1,0
プレミアム,1980,2,17,49.1,0,0,0
プレミアム,1980,12,19,48.3,0,0,0
ライト,490,30,10,24.6,2,0,0
ライト,790,11,18,42.0,1,1,0
ライト,790,7,14,23.6,1,0,0
ライト,790,21,19,30.9,1,0,0
プレミアム,1980,11,4,8.6,0,0,0
スタンダード,990,13,24,35.7,0,0,0
ライト,790,1,0,0.0,1,1,1
プレミアム,1980,11,13,26.9,1,0,0
プレミアム,1980,8,7,7.6,2,0,1
スタンダード,1480,9,0,9.7,0,0,0
スタンダード,990,11,8,19.3,2,1,0
スタンダード,990,29,10,26.7,0,1,1
ライト,490,3,11,12.9,0,0,0
プレミアム,1980,11,23,37.0,0,1,0
ライト,490,21,3,5.9,1,0,0
スタンダード,1480,17,17,38.8,1,0,0
スタンダード,990,21,15,24.4,0,0,0
プレミアム,1980,5,10,15.0,1,1,1
プレミアム,1980,5,18,8.5,1,1,0
ライト,490,7,13,17.2,1,0,0
スタンダード,1480,23,8,7.2,1,1,0
プレミアム,1980,10,7,15.2,1,0,0
プレミアム,1980,11,3,8.4,1,1,1
ライト,490,12,13,21.1,2,0,0
スタンダード,990,5,13,29.7,2,1,1
プレミアム,1980,10,14,30.0,2,0,0
プレミアム,1980,7,10,25.1,0,0,0
プレミアム,1980,20,16,52.1,1,0,0
スタンダード,990,24,1,3.9,1,1,0
ライト,790,8,17,31.2,1,0,0
ライト,790,4,0,1.9,1,0,1
プレミアム,1980,28,18,31.1,2,1,0
プレミアム,1980,3,14,22.7,2,0,0
スタンダード,990,3,0,0.0,1,1,1
プレミアム,1980,4,23,45.3,0,0,0
プレミアム,1980,12,24,42.8,2,1,0
スタンダード,990,13,15,27.6,1,0,0
ライト,790,13,16,31.8,2,0,0
スタンダード,1480,19,14,27.2,0,0,0
ライト,790,11,13,7.8,0,1,0
ライト,490,14,5,4.8,1,0,1
ライト,490,4,20,44.9,1,0,0
ライト,490,16,6,15.0,1,1,1
プレミアム,1980,4,16,37.9,0,0,0
ライト,490,11,4,15.3,2,0,1
スタンダード,1480,38,13,6.4,2,1,0
スタンダード,990,3,16,35.1,2,1,0
スタンダード,990,6,15,34.9,1,1,0
スタンダード,990,9,12,28.7,1,0,0
スタンダード,1480,8,8,17.3,0,1,1
ライト,490,20,3,5.0,2,1,1
プレミアム,1980,3,11,18.5,0,0,1
ライト,790,6,7,17.2,2,0,1
プレミアム,1980,19,11,12.8,0,1,0
ライト,490,14,30,48.7,2,0,0
ライト,790,32,4,17.4,1,0,0
スタンダード,1480,32,18,48.5,0,0,0
ライト,490,34,17,39.4,1,0,0
ライト,790,6,18,32.5,1,0,0
スタンダード,1480,5,14,14.3,2,0,0
ライト,490,36,17,26.5,1,0,0
プレミアム,1980,35,10,4.4,1,0,0
ライト,790,4,7,5.4,2,0,0
ライト,790,21,3,1.8,0,0,0
スタンダード,990,15,10,3.0,0,1,1
プレミアム,1980,31,4,14.0,2,0,0
プレミアム,1980,5,16,37.4,1,0,0
ライト,790,3,12,26.9,1,0,0
スタンダード,1480,11,27,70.3,2,0,0
ライト,790,10,14,11.0,1,0,0
ライト,490,16,0,4.7,0,0,0
スタンダード,1480,13,0,2.3,1,0,1
スタンダード,990,2,8,11.1,2,0,1
ライト,790,13,22,19.1,1,0,0
プレミアム,1980,6,2,5.5,0,0,0
スタンダード,1480,9,12,20.0,0,1,0
スタンダード,1480,10,12,22.8,3,1,0
ライト,490,19,30,27.4,0,0,0
ライト,790,20,14,21.7,1,0,0
ライト,490,2,22,31.7,1,1,0
ライト,490,20,12,30.2,1,0,0
プレミアム,1980,8,24,38.6,1,0,0
プレミアム,1980,13,9,3.6,1,1,0
プレミアム,1980,6,18,15.0,0,0,0
ライト,490,8,0,2.9,1,0,1
プレミアム,1980,10,12,18.6,2,0,0
スタンダード,1480,6,16,29.5,0,0,0
スタンダード,1480,13,13,7.8,0,0,0
ライト,490,14,0,2.1,1,0,1
ライト,790,1,11,14.5,2,0,1
スタンダード,1480,19,13,9.7,2,1,1
スタンダード,990,11,19,58.1,0,0,0
プレミアム,1980,18,7,10.2,0,0,1
プレミアム,1980,4,7,11.3,2,1,0
プレミアム,1980,17,6,8.1,0,0,1
ライト,790,24,3,4.5,0,0,0
スタンダード,1480,28,24,40.8,1,1,0
ライト,790,10,22,38.8,2,0,0
ライト,790,23,12,25.7,3,0,0
ライト,790,24,0,0.0,2,1,1
プレミアム,1980,5,17,24.6,2,1,1
ライト,790,7,11,30.3,2,0,0
ライト,790,14,16,32.5,0,0,0
ライト,490,27,18,45.5,2,0,0
プレミアム,1980,14,30,46.2,1,0,0
スタンダード,1480,20,9,16.9,1,0,0
スタンダード,990,10,10,14.0,1,1,0
ライト,790,10,27,47.9,1,0,0
ライト,490,13,10,1.5,1,1,0
スタンダード,1480,10,13,11.0,2,1,1
プレミアム,1980,4,0,7.6,1,0,1
スタンダード,1480,16,17,53.7,1,1,0
スタンダード,990,17,2,10.8,0,0,0
スタンダード,990,7,16,23.6,0,0,0
スタンダード,990,24,12,29.0,2,1,0
スタンダード,1480,17,10,3.9,2,0,1
スタンダード,1480,19,10,21.2,0,1,0
ライト,490,13,4,17.4,2,0,0
スタンダード,1480,19,8,20.6,1,0,0
スタンダード,1480,15,22,51.6,0,0,0
スタンダード,1480,6,11,17.4,0,1,0
スタンダード,990,4,5,14.6,1,0,0
ライト,490,5,20,22.1,1,0,0
ライト,790,8,28,51.9,1,1,0
ライト,790,18,13,19.8,2,1,0
スタンダード,1480,5,6,5.5,3,1,1
スタンダード,990,8,6,14.0,1,0,0
ライト,490,15,12,32.6,3,0,0
プレミアム,1980,10,11,18.1,0,0,0
スタンダード,990,2,24,45.2,1,1,0
ライト,490,7,22,30.0,1,0,0
プレミアム,1980,15,11,26.5,1,1,0
スタンダード,990,3,14,11.6,1,0,0
ライト,790,9,10,16.2,0,1,0
プレミアム,1980,18,10,26.1,3,1,1
スタンダード,1480,16,4,8.7,1,0,0
ライト,790,13,30,67.6,2,0,0
ライト,490,34,0,0.0,0,0,0
スタンダード,1480,1,21,38.9,1,0,0
ライト,490,10,15,25.8,0,0,0
プレミアム,1980,14,12,20.5,2,0,0
スタンダード,990,9,1,5.6,0,0,1
ライト,790,17,15,47.1,1,1,0
スタンダード,1480,2,18,40.7,0,1,0
スタンダード,990,27,8,0.0,0,0,1
ライト,790,18,4,6.8,0,0,0
ライト,790,24,1,4.0,2,1,0
スタンダード,990,20,3,5.9,2,1,0
スタンダード,1480,3,23,12.4,1,1,0
ライト,790,5,0,2.8,1,0,0
ライト,790,2,13,25.2,3,0,0
ライト,490,2,13,24.2,3,0,0
スタンダード,1480,8,5,12.2,1,1,1
スタンダード,1480,7,16,34.3,1,0,0
スタンダード,990,2,4,6.7,0,1,1
プレミアム,1980,5,2,0.0,1,0,1
ライト,490,11,0,3.9,3,1,1
スタンダード,990,6,5,16.7,0,1,0
スタンダード,1480,32,12,30.2,2,0,1
スタンダード,990,9,3,7.9,2,1,1
ライト,790,11,26,51.6,2,0,0
プレミアム,1980,3,24,60.2,0,0,0
プレミアム,1980,28,14,26.6,0,1,0
スタンダード,1480,22,7,12.6,1,1,1
スタンダード,1480,33,7,10.8,0,0,0
ライト,490,5,0,1.9,2,0,1
スタンダード,990,18,25,83.9,1,0,0
スタンダード,990,28,14,38.5,1,0,0
プレミアム,1980,5,3,8.2,0,1,0
スタンダード,990,11,22,29.9,2,0,0
プレミアム,1980,17,10,28.4,2,1,1
ライト,790,18,3,12.0,1,0,0
ライト,790,14,25,35.7,1,0,0
スタンダード,1480,8,27,61.7,2,0,0
プレミアム,1980,28,4,0.0,1,0,1
プレミアム,1980,34,16,54.1,0,0,0
スタンダード,1480,24,17,29.4,1,1,0
ライト,790,10,12,18.4,1,0,0
プレミアム,1980,16,14,33.6,1,0,0
スタンダード,990,13,21,27.6,1,0,0
ライト,490,2,13,19.1,0,1,0
ライト,790,13,14,19.2,1,0,0
プレミアム,1980,11,4,11.1,1,0,0
ライト,490,11,6,10.3,2,1,0
プレミアム,1980,32,6,12.4,1,1,1
ライト,790,18,22,56.0,2,0,0
ライト,490,3,12,9.2,2,0,0
スタンダード,1480,11,9,18.7,0,1,0
ライト,790,20,17,20.9,2,0,0
スタンダード,1480,28,8,24.6,1,1,0
ライト,790,2,20,33.7,0,0,0
スタンダード,1480,9,20,38.3,1,1,0
スタンダード,990,9,18,47.6,1,0,0
プレミアム,1980,16,17,45.2,1,0,0
プレミアム,1980,21,14,26.8,0,0,0
プレミアム,1980,12,17,42.1,2,1,1
プレミアム,1980,1,27,40.5,1,1,0
スタンダード,990,4,21,42.8,1,1,0
ライト,490,23,14,29.0,0,0,0
ライト,490,4,12,19.6,0,0,0
ライト,790,8,21,36.0,0,0,0
ライト,490,7,14,30.2,1,0,0
ライト,490,3,18,9.2,2,0,0
スタンダード,990,2,16,28.8,2,0,0
ライト,790,8,15,29.6,1,0,0
プレミアム,1980,22,13,21.5,2,0,0
スタンダード,990,4,14,0.0,0,0,0
ライト,790,27,11,29.4,1,0,0
プレミアム,1980,12,14,51.1,1,1,0
ライト,490,7,16,4.6,3,0,0
ライト,790,32,16,23.1,2,0,0
プレミアム,1980,15,28,63.9,2,0,0
スタンダード,990,15,22,25.1,0,0,0
スタンダード,1480,29,9,24.1,2,0,0
スタンダード,990,20,12,14.8,1,0,0
ライト,790,4,20,32.1,2,1,1
ライト,790,17,26,20.2,1,1,0
ライト,490,40,26,65.6,0,0,0
ライト,790,6,19,19.5,1,0,0
スタンダード,990,17,18,25.0,2,1,0
スタンダード,990,12,21,75.4,1,1,0
ライト,490,12,13,20.4,1,1,0
ライト,790,30,15,50.0,0,0,0
プレミアム,1980,1,8,12.2,1,1,1
スタンダード,990,3,19,41.7,1,1,0
ライト,490,11,14,25.3,0,1,0
スタンダード,990,3,13,28.0,1,0,0
スタンダード,1480,33,15,26.6,0,1,0
ライト,790,14,21,18.5,1,1,0
プレミアム,1980,13,14,27.2,2,0,0
ライト,490,1,16,25.6,1,0,0
スタンダード,990,3,7,25.2,2,1,0
ライト,490,6,8,12.9,2,0,1
スタンダード,990,21,10,8.5,4,1,0
スタンダード,990,20,30,99.5,0,1,0
ライト,790,20,23,53.1,1,0,0
ライト,790,15,28,27.0,0,1,0
スタンダード,1480,5,23,12.5,1,0,0
ライト,790,14,0,0.0,1,0,1
ライト,790,18,18,26.7,3,0,0
プレミアム,1980,14,10,11.6,2,1,0
プレミアム,1980,13,22,15.4,2,0,0
ライト,790,19,15,28.0,1,1,0
ライト,490,12,0,3.3,3,0,1
プレミアム,1980,37,2,2.1,0,0,0
スタンダード,1480,6,7,11.6,0,1,1
スタンダード,1480,18,10,6.1,0,0,0
ライト,790,7,0,0.5,3,1,1
ライト,490,9,17,12.6,1,0,0
プレミアム,1980,18,15,29.9,1,1,0
ライト,490,9,1,2.9,1,1,1
プレミアム,1980,16,6,13.6,1,0,1
ライト,790,26,10,23.0,2,0,0
ライト,790,9,19,36.2,1,0,0
ライト,490,17,10,22.5,2,1,0
ライト,490,11,17,34.7,1,0,0
プレミアム,1980,3,7,11.4,0,1,0
スタンダード,1480,22,0,0.0,0,0,1
ライト,790,21,14,10.6,1,0,0
スタンダード,1480,6,9,13.9,1,0,0
スタンダード,1480,14,15,13.6,3,0,0
プレミアム,1980,27,15,37.0,2,0,0
ライト,790,6,17,30.1,2,0,0
ライト,790,3,4,8.7,0,1,1
スタンダード,1480,26,10,27.9,2,0,0
ライト,490,18,11,26.0,0,1,0
スタンダード,1480,11,22,43.9,2,0,0
スタンダード,990,30,0,6.3,0,0,1
プレミアム,1980,3,21,34.3,1,1,0
ライト,490,4,19,33.5,0,0,0
プレミアム,1980,24,19,13.3,0,0,0
ライト,790,4,0,8.4,0,0,0
プレミアム,1980,12,0,0.0,2,0,1
ライト,790,4,12,20.2,4,1,1
スタンダード,990,18,6,16.9,0,0,0
ライト,790,28,0,4.8,1,0,1
ライト,490,2,11,17.9,0,0,0
スタンダード,990,24,24,70.6,1,0,0
スタンダード,1480,3,10,34.4,1,0,0
スタンダード,1480,3,2,2.5,2,0,1
プレミアム,1980,28,14,32.6,0,0,0
スタンダード,990,5,0,2.3,0,1,1
プレミアム,1980,10,9,16.9,1,0,1
スタンダード,990,24,12,27.2,0,0,0
スタンダード,990,11,16,38.3,1,0,0
プレミアム,1980,15,8,22.9,1,1,0
スタンダード,990,11,15,27.5,1,0,0
ライト,790,9,9,31.0,0,0,0
ライト,790,10,0,5.4,2,0,1
スタンダード,990,15,10,5.5,1,0,1
ライト,490,2,12,19.4,1,0,0
ライト,790,6,18,34.6,1,1,0
ライト,490,2,4,3.4,1,0,0
プレミアム,1980,2,10,26.7,3,0,0
ライト,490,10,9,16.3,1,0,0
スタンダード,1480,11,12,16.1,0,0,1
スタンダード,1480,10,22,45.7,2,1,0
スタンダード,990,1,13,19.1,1,0,0
スタンダード,990,21,9,19.2,2,1,1
スタンダード,1480,27,10,27.8,0,1,0
プレミアム,1980,3,10,18.9,0,0,1
プレミアム,1980,12,0,1.1,0,0,0
スタンダード,1480,12,12,26.0,1,0,0
プレミアム,1980,23,4,4.6,1,1,1
スタンダード,1480,22,15,19.7,0,1,0
スタンダード,990,1,19,42.0,1,0,0
ライト,790,24,22,13.4,0,0,0
プレミアム,1980,13,2,10.1,1,0,0
スタンダード,990,7,17,27.0,2,1,1
プレミアム,1980,21,8,13.1,0,0,0
スタンダード,1480,27,1,3.6,1,0,0
プレミアム,1980,5,12,8.3,0,0,0
ライト,790,17,18,48.5,1,1,0
スタンダード,1480,4,12,29.7,0,0,0
スタンダード,1480,3,15,28.4,1,0,0
ライト,490,3,30,52.4,1,0,0
ライト,790,18,19,10.5,0,1,0
プレミアム,1980,13,3,14.4,1,0,1
ライト,490,2,10,23.2,1,0,0
ライト,790,4,30,49.6,0,0,0
ライト,490,11,19,34.1,1,0,0
プレミアム,1980,5,17,50.9,0,1,0
プレミアム,1980,16,0,0.0,0,1,1
ライト,790,11,13,8.5,2,0,0
プレミアム,1980,13,1,6.1,2,0,0
スタンダード,990,17,0,1.4,0,0,0
ライト,490,3,8,8.4,1,0,0
ライト,490,29,30,29.0,2,1,0
ライト,790,13,6,16.2,0,0,0
プレミアム,1980,4,23,22.8,1,0,0
スタンダード,990,3,14,25.6,1,1,0
スタンダード,990,14,23,29.1,0,0,0
ライト,490,19,10,22.8,2,0,0
スタンダード,990,11,17,46.2,1,0,0
ライト,790,18,14,23.9,0,0,0
スタンダード,990,16,16,44.3,0,1,1
ライト,790,12,3,13.5,0,1,0
ライト,490,29,4,15.0,1,1,0
ライト,790,6,5,17.3,1,1,1
プレミアム,1980,24,7,21.7,0,0,0
スタンダード,990,12,24,32.3,1,0,0
ライト,490,19,5,3.2,0,1,0
スタンダード,990,29,15,43.9,2,0,0
スタンダード,1480,9,8,23.1,0,1,0
ライト,490,8,13,20.4,3,0,1
ライト,490,6,4,11.8,1,1,0
プレミアム,1980,14,19,48.0,0,0,0
スタンダード,990,18,13,19.6,1,1,1
プレミアム,1980,2,20,24.5,2,0,0
スタンダード,990,13,13,12.3,1,0,1
ライト,490,4,20,92.0,1,0,0
プレミアム,1980,10,16,30.7,2,0,0
ライト,490,15,24,48.8,1,0,0
ライト,790,16,3,11.0,1,1,0
ライト,790,1,13,40.6,1,0,0
ライト,790,12,15,15.0,0,0,0
ライト,790,8,22,45.2,2,0,0
スタンダード,990,32,13,27.5,2,0,1
スタンダード,990,18,14,38.3,1,1,0
ライト,790,23,19,30.8,2,0,0
スタンダード,1480,29,23,57.0,0,0,0
プレミアム,1980,29,9,21.6,1,0,1
ライト,490,24,15,27.1,2,0,0
スタンダード,1480,11,21,36.9,3,1,0
プレミアム,1980,19,12,34.1,1,1,1
プレミアム,1980,32,14,25.4,1,0,0
ライト,490,21,22,52.8,1,1,0
スタンダード,990,17,5,14.6,0,0,0
スタンダード,1480,12,17,47.6,1,1,0
スタンダード,990,22,14,30.5,2,0,0
スタンダード,990,12,12,17.4,0,0,0
スタンダード,1480,2,19,34.6,1,0,0
プレミアム,1980,8,15,31.2,3,0,0
ライト,490,23,23,31.1,1,0,0
スタンダード,1480,8,9,9.5,1,1,1
スタンダード,990,3,9,9.8,1,0,0
ライト,790,43,17,20.7,0,0,0
スタンダード,990,9,22,61.4,2,0,0
スタンダード,990,13,4,2.3,1,1,0
スタンダード,990,2,30,0.7,1,1,0
ライト,790,13,20,13.3,3,0,0
ライト,790,15,19,30.3,1,0,0
プレミアム,1980,3,11,21.7,2,0,1
プレミアム,1980,18,5,24.6,1,0,0
スタンダード,1480,11,13,26.5,0,0,0
スタンダード,990,6,2,7.3,1,0,1
スタンダード,990,2,0,3.7,2,1,1
プレミアム,1980,13,17,35.6,1,0,1
プレミアム,1980,3,23,25.1,1,0,0
ライト,490,8,7,6.7,1,1,0
プレミアム,1980,11,2,5.4,1,1,1
スタンダード,1480,6,10,14.9,1,1,0
プレミアム,1980,24,9,3.5,0,0,1
スタンダード,1480,8,20,41.7,1,1,0
ライト,490,18,8,15.5,2,0,0
ライト,490,11,23,16.6,1,0,0
プレミアム,1980,14,25,53.1,1,0,0
プレミアム,1980,9,12,3.0,1,1,1
プレミアム,1980,8,23,43.4,3,1,0
ライト,790,16,18,30.2,1,0,0
スタンダード,990,1,15,24.1,3,0,0
スタンダード,1480,11,8,22.7,1,0,1
ライト,790,2,0,5.0,2,0,0
プレミアム,1980,3,20,28.2,1,1,1
ライト,490,9,25,16.4,1,1,0
ライト,790,10,4,20.6,0,0,0
スタンダード,1480,6,9,14.3,1,0,0
ライト,490,16,26,55.8,1,1,0
プレミアム,1980,10,16,11.7,1,0,1
スタンダード,1480,8,5,14.1,2,0,0
スタンダード,1480,29,16,38.5,1,1,0
スタンダード,990,27,19,50.5,2,0,0
ライト,790,40,14,32.5,1,1,1
プレミアム,1980,5,23,53.2,0,0,0
ライト,490,1,22,31.9,2,0,0
スタンダード,1480,16,12,22.6,0,0,0
ライト,790,12,11,15.6,0,0,0
ライト,790,27,14,32.3,0,1,0
ライト,790,11,22,26.4,0,0,0
プレミアム,1980,13,18,56.4,3,0,0
ライト,790,11,2,7.3,0,0,0
ライト,790,6,13,8.9,0,1,0
スタンダード,990,10,19,35.0,1,0,0
スタンダード,1480,12,9,7.7,0,1,0
ライト,790,7,30,67.2,0,0,0
プレミアム,1980,9,8,10.2,2,0,1
ライト,490,10,11,10.9,1,1,1
スタンダード,990,18,2,7.4,1,0,1
ライト,790,12,6,13.5,2,1,1
ライト,790,2,10,7.2,3,0,1
ライト,790,12,9,18.4,1,0,0
スタンダード,990,18,1,4.9,0,0,0
ライト,790,19,14,16.6,3,0,0
ライト,790,21,11,17.0,0,0,0
ライト,490,21,1,5.2,2,1,1
スタンダード,1480,15,8,28.4,1,1,1
プレミアム,1980,14,19,24.4,1,1,0
スタンダード,990,23,25,30.9,2,1,0
スタンダード,1480,31,18,54.6,1,0,0
スタンダード,1480,21,0,0.0,1,0,1
スタンダード,1480,15,27,50.8,0,0,0
スタンダード,990,9,17,15.4,1,0,0
ライト,490,6,11,32.9,0,0,0
スタンダード,990,8,4,13.7,3,1,1
スタンダード,990,9,5,4.4,1,0,0
プレミアム,1980,5,9,23.6,2,1,1
プレミアム,1980,13,13,40.5,1,0,0
スタンダード,990,2,26,55.4,0,0,0
スタンダード,990,37,10,33.5,0,1,0
スタンダード,1480,24,0,3.1,0,1,1
プレミアム,1980,12,4,9.4,0,0,0
スタンダード,990,17,26,34.1,1,1,0
スタンダード,1480,3,14,23.9,1,0,0
ライト,790,11,14,43.1,1,0,0
ライト,790,21,7,12.7,1,1,0
スタンダード,990,28,12,10.3,1,0,0
スタンダード,990,26,27,53.2,1,0,0
スタンダード,1480,10,18,7.9,1,1,0
ライト,490,19,18,13.7,1,0,0
ライト,790,2,9,29.1,0,0,0
スタンダード,990,20,9,9.7,1,0,0
スタンダード,990,25,0,0.0,1,1,1
プレミアム,1980,17,6,6.9,0,1,0
プレミアム,1980,9,18,23.8,2,0,0
スタンダード,990,4,16,35.7,2,0,0
スタンダード,1480,31,24,24.0,1,1,0
ライト,490,23,20,44.8,1,0,0
ライト,790,10,14,24.1,1,0,0
スタンダード,990,9,11,3.8,2,1,0
ライト,490,1,17,34.6,2,0,0
ライト,490,7,11,4.8,2,1,1
ライト,790,4,14,16.3,1,1,0
スタンダード,1480,1,11,24.2,0,0,1
スタンダード,1480,23,14,46.5,1,1,0
プレミアム,1980,11,10,22.2,0,0,0
スタンダード,990,2,19,58.6,2,0,0
ライト,490,32,6,16.2,0,0,1
スタンダード,1480,5,25,83.4,3,1,0
ライト,490,10,11,13.2,0,0,0
ライト,790,38,11,16.1,0,1,0
ライト,490,9,11,10.6,0,0,0
スタンダード,990,1,8,1.6,1,0,0
ライト,790,20,2,3.6,2,0,0
スタンダード,1480,4,2,6.5,1,0,0
ライト,790,20,22,5.3,1,1,0
プレミアム,1980,5,2,5.0,2,1,0
ライト,790,24,0,1.7,1,1,1
ライト,490,17,9,23.6,1,1,0
スタンダード,990,3,19,48.3,0,1,0
ライト,490,18,18,18.8,1,0,0
プレミアム,1980,7,17,47.1,1,1,0
ライト,490,8,13,12.0,2,1,1
ライト,790,6,28,70.8,1,0,0
ライト,790,9,8,14.5,1,1,0
スタンダード,990,25,1,3.4,1,0,0
ライト,490,3,12,25.4,0,0,0
ライト,490,4,11,25.2,1,0,0
スタンダード,1480,37,17,31.7,0,0,0
プレミアム,1980,23,10,15.1,1,0,0
ライト,490,4,13,28.9,1,0,0
スタンダード,1480,6,0,1.4,1,0,1
スタンダード,990,23,24,45.2,0,0,0
スタンダード,1480,2,21,62.1,1,0,0
スタンダード,1480,1,7,16.4,0,1,0
スタンダード,1480,5,13,13.8,0,1,1
プレミアム,1980,18,7,11.5,1,0,0
ライト,790,23,23,8.6,0,0,0
スタンダード,990,14,2,0.0,1,1,1
プレミアム,1980,3,25,20.8,2,1,0
ライト,490,15,15,27.3,1,1,0
プレミアム,1980,8,7,11.8,1,0,0
スタンダード,1480,17,15,14.0,0,1,0
スタンダード,990,6,5,17.1,1,0,0
プレミアム,1980,23,30,50.9,1,0,0
ライト,490,20,11,34.3,0,0,0
ライト,490,2,12,2.2,1,0,1
ライト,790,23,1,5.7,0,1,1
スタンダード,990,12,9,22.0,0,0,0
ライト,490,3,7,13.8,1,1,0
ライト,490,30,27,53.6,0,0,0
プレミアム,1980,16,21,38.4,1,1,0
ライト,490,14,23,74.2,3,1,0
プレミアム,1980,35,25,43.1,2,1,0
スタンダード,990,16,13,29.0,1,0,1
スタンダード,1480,4,6,3.1,2,0,0
ライト,790,2,16,47.3,2,1,1
スタンダード,1480,10,10,21.6,0,0,1
スタンダード,990,14,24,25.0,1,1,0
プレミアム,1980,19,21,30.4,1,1,0
プレミアム,1980,6,8,17.5,1,1,1
ライト,790,4,0,2.5,0,1,0
ライト,490,18,22,37.7,2,0,0
プレミアム,1980,16,8,10.1,1,0,0
スタンダード,990,26,15,37.1,1,0,0
スタンダード,1480,16,12,18.1,1,0,0
スタンダード,1480,13,7,11.0,0,0,0
スタンダード,990,26,18,37.8,3,0,0
スタンダード,1480,6,17,23.1,2,0,0
ライト,790,25,14,25.1,1,0,0
ライト,790,16,12,24.3,0,1,0
プレミアム,1980,4,7,7.7,0,0,0
プレミアム,1980,12,0,0.0,1,0,1
スタンダード,990,7,25,53.4,1,1,0
スタンダード,1480,21,0,2.8,2,0,1
スタンダード,990,14,14,21.2,1,1,0
プレミアム,1980,12,21,12.7,1,1,0
スタンダード,1480,18,15,21.2,0,0,0
プレミアム,1980,5,15,28.3,1,0,0
ライト,490,19,5,15.8,1,1,1
スタンダード,990,14,21,40.4,0,0,0
ライト,790,5,20,34.5,1,0,0
ライト,790,18,14,18.5,1,0,0
プレミアム,1980,28,14,46.1,2,0,0
ライト,490,24,18,51.1,0,0,0
ライト,790,4,4,13.1,1,0,1
スタンダード,990,25,16,18.8,1,0,0
ライト,790,14,15,18.1,1,0,0
ライト,490,23,3,9.5,0,0,0
ライト,490,3,10,21.1,1,0,0
スタンダード,1480,16,13,28.7,1,0,0
スタンダード,990,8,11,8.9,1,1,0
スタンダード,990,7,30,75.4,2,0,0
スタンダード,990,2,10,22.4,3,0,0
スタンダード,1480,28,7,3.1,0,0,0
ライト,790,3,3,10.9,1,1,1
ライト,490,10,4,11.9,1,1,0
スタンダード,990,30,29,54.6,0,0,0
プレミアム,1980,6,20,10.4,1,0,0
スタンダード,1480,29,14,16.6,0,1,0
ライト,490,10,17,30.0,1,0,0
スタンダード,1480,7,19,23.3,1,0,0
プレミアム,1980,15,7,19.0,1,0,0
スタンダード,1480,15,10,10.5,2,1,1
プレミアム,1980,13,19,28.5,1,1,0
スタンダード,990,8,1,0.0,1,0,1
ライト,790,4,1,5.7,0,0,1
ライト,790,12,25,27.3,0,0,0
ライト,490,12,20,37.5,0,0,0
スタンダード,1480,22,12,18.1,0,0,0
スタンダード,990,7,25,15.3,0,0,0
スタンダード,1480,9,15,21.5,0,0,0
プレミアム,1980,9,14,28.2,1,1,0
スタンダード,990,6,22,53.6,0,0,0
ライト,490,18,12,22.1,0,0,0
スタンダード,1480,24,3,10.9,0,1,0
スタンダード,990,11,11,9.9,1,0,1
ライト,490,19,27,37.6,0,0,0
スタンダード,990,19,18,50.5,1,0,0
スタンダード,990,7,10,8.5,1,0,0
スタンダード,990,18,12,38.6,0,0,0
ライト,790,10,13,43.4,1,0,0
スタンダード,1480,17,17,30.7,0,0,0
ライト,490,26,15,11.6,0,0,0
スタンダード,990,14,4,7.6,0,0,0
スタンダード,990,24,4,9.9,2,1,1
ライト,490,3,11,9.9,2,0,0
プレミアム,1980,7,7,8.4,1,1,1
スタンダード,1480,4,9,15.6,1,0,0
プレミアム,1980,7,8,15.0,1,0,0
スタンダード,990,13,7,12.1,2,0,1
プレミアム,1980,28,14,28.2,0,0,0
ライト,790,2,14,22.2,0,0,0
プレミアム,1980,5,20,50.2,2,0,0
ライト,790,25,30,71.0,3,0,0
ライト,490,9,13,39.4,2,0,0
プレミアム,1980,9,30,56.4,1,0,0
スタンダード,990,18,30,68.1,1,1,0
ライト,490,2,10,29.2,3,0,0
ライト,490,31,7,30.9,1,1,0
ライト,790,8,12,19.2,2,0,0
ライト,490,19,13,29.7,0,0,0
プレミアム,1980,25,4,14.6,1,0,0
ライト,790,13,14,30.1,2,0,0
プレミアム,1980,3,28,29.2,0,0,0
プレミアム,1980,6,28,8.8,0,0,0
ライト,790,4,11,5.0,0,0,1
ライト,790,18,11,25.2,3,1,1
プレミアム,1980,43,12,24.2,1,0,0
プレミアム,1980,27,16,43.7,1,0,0
スタンダード,1480,12,7,9.8,0,1,1
プレミアム,1980,17,10,27.9,1,0,0
プレミアム,1980,23,21,48.6,0,0,0
プレミアム,1980,14,7,9.3,1,0,0
ライト,790,14,0,0.0,0,1,1
プレミアム,1980,1,14,21.2,1,1,0
スタンダード,1480,18,14,33.1,0,0,0
ライト,490,3,12,8.2,0,0,0
スタンダード,1480,26,19,35.3,2,0,0
ライト,790,12,18,41.2,2,0,0
スタンダード,1480,22,5,9.5,2,1,0
ライト,490,18,22,38.2,1,0,0
プレミアム,1980,28,13,30.1,3,1,1
ライト,790,8,12,22.2,1,1,0
プレミアム,1980,12,7,4.1,1,0,1
プレミアム,1980,3,21,30.3,0,0,0
スタンダード,1480,13,19,38.5,1,0,0
プレミアム,1980,14,7,13.9,2,0,0
スタンダード,1480,14,10,0.0,0,0,0
ライト,790,24,27,64.7,1,0,0
ライト,790,10,16,29.9,1,0,1
スタンダード,1480,17,9,21.2,0,0,0
プレミアム,1980,9,26,70.2,0,0,0
スタンダード,1480,8,12,12.4,1,1,0
スタンダード,1480,23,18,41.5,1,1,0
ライト,790,4,1,6.9,1,0,1
スタンダード,990,5,14,16.1,1,0,1
スタンダード,990,17,2,7.7,1,0,0
スタンダード,1480,1,4,12.1,2,0,1
スタンダード,990,4,11,17.8,2,0,0
スタンダード,990,15,12,28.1,2,1,0
スタンダード,990,15,20,25.5,3,0,0
ライト,490,12,16,23.7,1,1,0
プレミアム,1980,8,7,24.0,0,0,1
ライト,490,6,24,69.5,1,0,0
スタンダード,990,5,13,21.4,1,1,1
スタンダード,990,8,22,52.7,0,0,0
スタンダード,1480,12,12,20.8,0,1,0
スタンダード,1480,22,18,20.9,1,0,0
プレミアム,1980,18,14,13.5,1,0,0
スタンダード,1480,10,9,15.4,2,0,1
ライト,490,2,30,21.5,0,0,0
スタンダード,990,9,0,0.8,3,1,1
プレミアム,1980,6,16,55.5,1,1,0
スタンダード,990,6,8,17.4,1,0,0
ライト,790,11,3,4.2,0,0,0
ライト,490,19,15,26.0,1,0,0
スタンダード,1480,11,9,18.6,4,1,0
ライト,490,5,10,23.7,1,1,0
ライト,790,6,16,21.2,1,0,0
プレミアム,1980,26,18,49.8,1,1,0
ライト,490,13,16,43.0,0,1,0
スタンダード,990,8,22,52.0,0,0,0
プレミアム,1980,24,23,33.2,0,0,0
ライト,790,9,27,12.7,1,0,0
ライト,790,3,17,45.1,1,1,0
ライト,790,10,12,20.9,0,1,0
プレミアム,1980,24,6,9.7,1,1,1
ライト,490,12,7,14.2,1,0,0
スタンダード,1480,34,0,3.9,1,0,0
ライト,790,4,0,0.0,0,0,1
ライト,790,15,19,22.8,1,0,0
ライト,790,28,3,6.0,1,1,0
スタンダード,1480,9,6,18.1,0,0,0
ライト,490,17,2,2.5,2,1,0
スタンダード,1480,10,0,3.0,2,0,0
ライト,790,12,30,10.3,0,1,0
プレミアム,1980,20,7,10.6,0,0,0
ライト,790,2,16,35.9,2,1,0
ライト,490,12,11,25.6,1,0,0
スタンダード,1480,11,14,32.3,1,0,0
ライト,490,22,7,17.3,0,0,0
ライト,490,12,15,17.5,1,0,0
スタンダード,990,10,17,23.6,0,1,1
ライト,790,30,8,15.0,0,0,0
スタンダード,990,14,11,13.8,0,0,0
ライト,490,3,13,35.5,0,0,0
プレミアム,1980,21,18,29.7,2,0,1
スタンダード,1480,18,11,17.2,1,1,0
ライト,790,7,21,18.4,1,1,0
ライト,490,12,13,35.2,1,1,0
プレミアム,1980,5,14,34.1,1,1,0
ライト,490,5,0,1.9,2,0,1
スタンダード,990,6,10,19.1,1,0,0
プレミアム,1980,9,18,28.7,0,1,1
スタンダード,990,26,3,8.9,0,0,0
スタンダード,1480,4,16,34.7,1,0,0
スタンダード,990,21,14,7.4,0,0,1
スタンダード,990,16,30,48.4,4,0,0
スタンダード,1480,2,22,57.1,1,0,0
スタンダード,1480,11,22,43.7,1,1,0
ライト,790,9,4,12.6,2,0,1
ライト,490,5,13,30.4,1,1,0
スタンダード,1480,10,6,13.0,3,0,0
プレミアム,1980,5,26,25.8,2,0,0
スタンダード,1480,5,0,0.8,3,0,0
スタンダード,990,4,6,18.7,2,0,0
プレミアム,1980,35,25,64.6,1,1,0
ライト,490,6,3,8.2,1,0,0
スタンダード,1480,14,4,2.8,0,0,0
ライト,790,3,14,31.0,0,0,0
スタンダード,1480,7,14,15.5,2,1,0
プレミアム,1980,8,17,43.4,0,0,0
ライト,790,10,14,13.7,2,0,0
スタンダード,1480,17,0,6.3,0,0,0
ライト,790,8,20,34.9,1,0,0
ライト,490,27,23,56.5,1,0,0
スタンダード,990,5,13,33.2,0,1,0
プレミアム,1980,2,16,30.2,1,0,1
スタンダード,990,6,13,33.2,1,0,0
ライト,490,2,6,24.3,1,0,0
プレミアム,1980,3,9,27.8,0,0,1
ライト,790,27,8,12.5,0,0,0
プレミアム,1980,8,4,5.3,1,0,1
プレミアム,1980,1,12,35.7,1,0,0
ライト,790,3,9,22.0,2,0,1
ライト,790,5,13,7.7,1,0,0
スタンダード,1480,8,5,11.5,1,1,1
スタンダード,1480,25,9,19.0,1,1,0
スタンダード,1480,24,12,31.1,3,1,1
ライト,490,4,28,36.7,2,1,0
ライト,790,11,13,30.2,1,0,0
プレミアム,1980,7,25,37.9,0,1,0
スタンダード,990,26,18,11.0,1,0,0
ライト,790,25,4,16.5,1,0,0
ライト,490,7,17,9.3,0,0,0
スタンダード,1480,10,15,15.5,1,0,0
ライト,790,26,0,0.0,1,0,0
スタンダード,990,4,15,32.6,1,1,0
スタンダード,990,15,2,4.9,1,0,0
スタンダード,1480,1,8,20.4,1,1,1
スタンダード,1480,15,9,9.8,2,0,0
スタンダード,1480,20,18,30.5,1,1,1
ライト,490,2,0,1.6,2,1,1
スタンダード,1480,12,30,39.4,1,0,0
プレミアム,1980,18,17,36.6,0,1,0
ライト,490,12,13,32.1,0,1,0
プレミアム,1980,2,15,19.7,2,0,0
ライト,490,16,8,8.4,2,1,0
ライト,490,2,0,2.0,0,0,1
スタンダード,1480,34,15,35.0,1,1,0
スタンダード,990,27,13,12.4,1,1,0
スタンダード,990,20,6,13.4,1,0,0
スタンダード,990,34,12,22.9,1,0,0
スタンダード,990,6,25,69.9,3,0,0
プレミアム,1980,6,25,26.3,2,1,0
ライト,790,15,4,10.0,1,0,1
ライト,490,20,10,28.8,2,1,0
ライト,790,22,10,13.2,0,1,0
スタンダード,990,6,20,41.3,2,0,1
スタンダード,990,2,14,32.6,2,0,0
スタンダード,990,18,18,17.1,1,1,0
プレミアム,1980,22,15,18.8,2,0,0
スタンダード,1480,13,16,33.6,4,0,0
ライト,790,15,27,42.5,1,0,0
ライト,790,6,7,0.0,2,1,1
ライト,490,22,24,38.5,1,1,0
スタンダード,1480,11,20,24.7,0,1,0
ライト,490,3,0,7.6,0,1,0
ライト,790,11,19,21.4,1,0,0
ライト,490,2,0,2.9,2,0,1
スタンダード,1480,29,7,22.0,1,0,0
プレミアム,1980,21,11,19.9,0,1,1
スタンダード,990,6,15,17.5,1,0,0
スタンダード,1480,10,16,13.9,1,0,0
ライト,490,3,9,14.7,1,0,0
スタンダード,1480,34,23,41.1,0,1,0
スタンダード,990,9,13,29.5,1,0,1
スタンダード,1480,9,8,20.6,1,0,0
スタンダード,990,20,5,16.2,1,0,0
ライト,490,26,17,25.4,0,0,0
ライト,790,10,11,21.3,0,0,0
スタンダード,990,6,11,33.8,1,0,0
スタンダード,1480,9,8,15.4,1,0,0
スタンダード,990,1,6,8.6,1,0,1
ライト,490,4,17,11.7,0,1,0
ライト,490,3,6,2.3,1,0,0
スタンダード,990,3,18,6.2,2,1,1
スタンダード,990,4,7,28.1,0,0,0
プレミアム,1980,4,3,7.8,2,0,0
ライト,790,19,14,6.7,2,1,0
スタンダード,1480,9,6,13.7,1,1,0
ライト,490,11,26,23.9,1,0,0
ライト,490,7,18,25.7,2,0,0
スタンダード,990,5,16,19.1,0,0,0
スタンダード,1480,4,3,6.1,2,1,1
ライト,490,4,25,27.0,1,1,0
ライト,790,39,14,30.0,2,0,0
スタンダード,1480,20,9,5.0,0,0,0
スタンダード,990,21,28,74.6,0,0,0
スタンダード,1480,29,14,25.2,1,0,0
スタンダード,990,13,24,40.3,2,0,0
プレミアム,1980,7,9,15.5,1,0,0
スタンダード,1480,11,16,50.6,1,0,0
スタンダード,1480,23,1,5.0,1,0,0
スタンダード,990,5,13,20.7,0,1,1
ライト,790,13,30,20.6,0,0,0
ライト,790,18,10,22.4,2,0,0
ライト,490,18,0,2.1,2,0,1
ライト,790,7,13,24.2,1,0,0
ライト,790,12,30,32.5,1,1,0
プレミアム,1980,16,13,32.0,1,0,1
プレミアム,1980,3,14,32.7,2,1,0
ライト,790,3,0,1.4,1,0,1
スタンダード,1480,16,6,16.9,1,0,0
スタンダード,990,18,5,13.3,3,1,1
ライト,790,19,13,43.6,2,0,0
ライト,790,2,8,17.9,1,0,1
ライト,490,6,5,12.8,2,1,1
ライト,490,13,21,30.4,2,0,0
スタンダード,1480,9,18,41.9,1,0,0
スタンダード,1480,21,10,19.4,1,1,0
スタンダード,1480,5,11,19.9,4,0,0
ライト,790,20,9,33.8,1,0,1
スタンダード,1480,5,11,15.5,0,1,1
プレミアム,1980,11,15,13.9,0,1,0
スタンダード,990,11,3,5.4,0,0,0
プレミアム,1980,2,12,25.4,3,1,0
ライト,490,2,7,14.0,1,0,0
ライト,790,3,5,16.9,1,0,1
スタンダード,990,17,20,36.8,0,1,0
ライト,490,36,0,6.6,1,0,1
ライト,790,6,24,40.0,1,0,0
ライト,790,48,19,31.0,2,0,0
スタンダード,990,8,11,20.3,1,1,1
スタンダード,990,2,14,6.9,0,0,0
スタンダード,990,2,10,21.7,0,0,0
プレミアム,1980,24,1,2.6,2,0,1
スタンダード,990,6,15,37.3,0,0,0
ライト,790,5,22,82.5,2,1,0
ライト,790,5,20,68.2,2,0,0
スタンダード,990,12,10,26.5,0,0,0
ライト,790,6,17,17.6,1,0,0
スタンダード,1480,9,11,19.3,0,0,1
スタンダード,1480,19,0,0.0,1,1,1
スタンダード,990,32,18,12.0,0,0,0
スタンダード,990,16,20,36.5,0,0,0
ライト,790,13,16,46.3,1,0,0
ライト,790,29,26,62.5,1,1,0
ライト,490,7,9,8.2,1,0,1
ライト,490,12,28,53.0,2,0,0
プレミアム,1980,10,0,7.6,4,0,1
ライト,790,11,1,0.0,1,0,0
スタンダード,990,2,6,12.6,3,1,1
スタンダード,1480,4,13,11.3,1,0,0
ライト,490,30,27,39.1,1,0,0
ライト,490,23,8,14.1,1,0,1
スタンダード,1480,3,15,25.8,0,0,0
プレミアム,1980,10,13,13.5,2,0,0
ライト,790,17,19,18.7,0,1,0
スタンダード,990,11,22,56.6,1,0,0
ライト,490,4,0,5.6,1,0,1
ライト,490,13,11,32.2,0,0,0
スタンダード,990,28,2,1.1,0,0,0
ライト,490,31,19,30.1,1,0,0
ライト,490,9,26,61.0,1,1,0
ライト,790,14,22,53.4,0,0,0
スタンダード,1480,9,21,44.2,1,0,0
ライト,490,12,15,38.1,0,1,0
スタンダード,1480,13,19,31.6,1,1,0
プレミアム,1980,12,14,18.6,0,0,0
スタンダード,990,16,12,30.9,2,1,0
スタンダード,990,6,4,15.4,1,0,0
スタンダード,990,10,7,11.0,1,0,0
プレミアム,1980,13,23,17.9,1,1,0
ライト,790,26,15,42.4,2,0,0
ライト,790,2,16,36.7,1,1,0
ライト,490,12,9,9.4,1,0,0
スタンダード,1480,15,23,48.6,0,0,0
ライト,490,3,13,24.1,2,0,0
プレミアム,1980,3,15,11.8,0,0,0
ライト,490,16,19,26.6,2,0,0
ライト,490,14,23,37.8,0,0,0
スタンダード,1480,6,24,49.8,2,0,0
ライト,490,8,29,80.9,1,0,0
ライト,490,8,15,39.3,1,0,0
プレミアム,1980,8,8,22.8,0,1,0
ライト,490,7,12,21.5,1,1,0
スタンダード,990,1,5,11.9,0,0,1
プレミアム,1980,5,19,35.6,1,1,0
スタンダード,1480,8,12,29.4,1,1,0
ライト,490,28,11,31.6,1,0,0
ライト,490,6,1,0.5,1,1,1
ライト,790,8,5,14.5,2,0,1
ライト,790,1,6,14.9,2,0,0
ライト,490,34,2,6.2,0,1,0
スタンダード,1480,20,10,18.9,1,0,0
スタンダード,1480,36,20,19.5,0,1,0
プレミアム,1980,30,5,18.4,0,1,1
スタンダード,1480,9,12,34.0,1,0,0
プレミアム,1980,10,20,50.7,1,0,0
ライト,490,18,22,42.0,0,0,0
ライト,790,3,29,78.2,0,0,0
スタンダード,1480,15,14,34.8,3,1,1
プレミアム,1980,6,15,13.0,1,1,1
ライト,490,21,8,23.3,2,1,0
プレミアム,1980,19,6,9.9,1,0,1
ライト,490,15,7,6.8,2,0,0
プレミアム,1980,11,14,43.7,2,0,0
プレミアム,1980,34,27,40.2,2,1,0
スタンダード,1480,9,16,28.5,0,1,0
ライト,490,31,17,26.6,1,0,0
スタンダード,1480,9,12,9.7,2,0,0
プレミアム,1980,7,19,36.6,0,1,1
ライト,790,3,8,19.4,1,0,0
ライト,790,10,9,21.6,1,0,0
ライト,490,2,12,19.1,3,1,0
ライト,490,19,9,23.3,1,0,0
スタンダード,1480,7,6,18.0,3,1,1
スタンダード,1480,10,22,49.7,0,0,0
ライト,790,23,24,7.1,2,1,0
ライト,790,4,9,23.0,0,0,0
ライト,790,21,10,0.0,2,0,1
ライト,490,32,22,29.4,2,1,0
ライト,490,16,3,12.1,1,1,1
プレミアム,1980,18,13,25.3,0,0,0
ライト,490,25,5,9.4,0,1,1
スタンダード,990,18,4,9.0,2,1,1
ライト,490,7,10,4.5,2,0,0
スタンダード,1480,14,10,35.7,0,0,0
ライト,490,23,10,31.7,0,1,0
プレミアム,1980,5,6,22.0,1,1,1
スタンダード,990,10,16,53.8,1,0,0
スタンダード,990,20,9,19.1,0,0,1
スタンダード,1480,16,20,39.9,0,0,0
ライト,790,27,11,21.3,0,1,1
スタンダード,990,9,9,0.0,1,1,0
ライト,490,25,15,34.0,0,0,0
ライト,490,4,14,17.1,1,1,0
スタンダード,990,10,10,18.5,2,0,1
ライト,790,6,20,47.8,0,1,0
ライト,790,6,30,17.0,2,1,1
スタンダード,1480,5,8,19.5,1,1,0
スタンダード,1480,10,11,16.3,2,1,0
プレミアム,1980,9,7,10.3,0,0,0
スタンダード,990,7,1,0.0,0,0,1
スタンダード,1480,8,4,6.6,1,1,1
ライト,790,15,0,1.3,1,0,0
スタンダード,990,9,13,31.6,1,0,0
プレミアム,1980,18,8,1.4,2,0,0
ライト,490,15,11,9.8,1,1,1
スタンダード,1480,1,10,9.4,2,1,1
スタンダード,1480,22,23,40.8,1,0,0
ライト,790,21,12,11.0,1,1,0
スタンダード,1480,18,3,0.1,1,0,1
プレミアム,1980,2,21,22.7,1,0,1
スタンダード,990,7,25,48.3,1,0,0
プレミアム,1980,1,3,13.2,0,1,1
プレミアム,1980,2,9,14.8,1,0,1
ライト,790,22,8,17.2,2,1,1
スタンダード,990,33,30,44.8,0,0,0
スタンダード,990,24,6,3.8,1,1,0
ライト,790,3,4,10.2,0,0,1
ライト,790,7,21,30.7,1,0,0
スタンダード,990,2,20,40.0,1,1,0
スタンダード,990,13,22,47.8,2,0,0
ライト,490,28,7,15.5,1,0,0
スタンダード,1480,26,22,29.5,0,0,0
スタンダード,990,26,11,6.1,1,0,0
スタンダード,1480,11,14,22.6,0,0,0
スタンダード,990,17,14,23.7,1,0,0
ライト,790,6,18,24.8,1,0,0
スタンダード,1480,6,19,33.6,0,0,0
プレミアム,1980,17,5,6.3,2,0,0
スタンダード,990,23,11,10.9,2,0,1
スタンダード,1480,3,9,23.5,2,0,0
ライト,790,21,27,45.2,1,0,0
スタンダード,990,23,22,14.5,0,0,0
スタンダード,990,16,0,3.1,1,1,1
ライト,790,7,14,16.4,2,0,0
ライト,490,5,9,16.9,0,1,0
スタンダード,990,14,5,2.7,0,0,0
スタンダード,990,21,9,35.4,2,1,0
スタンダード,1480,6,16,18.5,0,0,0
スタンダード,990,11,12,20.3,2,0,0
ライト,490,7,12,41.6,0,0,0
ライト,790,8,12,33.2,0,0,0
スタンダード,1480,14,4,12.6,1,0,0
スタンダード,990,22,10,16.9,4,0,0
スタンダード,1480,6,19,30.3,0,0,1
ライト,790,25,11,16.1,0,0,1
スタンダード,1480,12,6,11.2,0,0,0
スタンダード,990,13,8,23.7,1,0,0
ライト,790,9,7,16.3,0,0,0
プレミアム,1980,10,13,32.7,0,1,0
ライト,490,30,22,39.1,1,0,0
ライト,790,6,24,46.5,1,0,0
プレミアム,1980,3,6,2.7,0,0,1
ライト,790,11,16,26.6,1,0,0
スタンダード,990,5,13,27.8,2,0,0
スタンダード,1480,24,10,22.4,1,1,0
プレミアム,1980,22,8,5.2,2,0,0
スタンダード,1480,13,14,25.1,0,0,0
ライト,790,1,15,36.4,2,1,1
ライト,490,1,11,12.4,1,1,0
プレミアム,1980,28,12,23.9,0,0,0
スタンダード,990,20,25,64.7,1,1,0
ライト,790,8,16,39.2,1,1,1
ライト,490,2,6,12.2,0,1,1
ライト,490,3,8,14.9,0,0,0
プレミアム,1980,25,16,31.3,1,0,1
ライト,790,2,0,7.3,0,1,1
ライト,790,13,0,2.9,0,0,1
スタンダード,1480,8,19,55.0,1,0,1
スタンダード,990,14,11,23.4,1,1,0
スタンダード,990,7,0,3.4,2,1,1
プレミアム,1980,17,9,21.5,2,1,0
スタンダード,990,15,14,25.1,1,0,1
プレミアム,1980,15,3,8.8,1,0,0
ライト,790,2,14,21.1,1,0,0
ライト,490,9,5,9.2,0,1,0
ライト,790,3,21,17.5,1,0,0
ライト,490,21,10,11.8,1,1,0
ライト,790,5,15,24.9,2,0,0
ライト,490,20,15,24.4,2,1,0
スタンダード,990,16,25,39.5,0,1,0
スタンダード,1480,29,15,34.8,0,1,0
ライト,790,29,14,29.8,2,0,0
ライト,790,17,20,42.8,1,0,0
プレミアム,1980,12,17,37.0,0,1,0
ライト,790,31,12,27.7,1,0,0
ライト,790,20,21,19.2,1,0,0
スタンダード,1480,7,27,41.3,0,1,0
スタンダード,1480,15,26,95.5,0,1,0
ライト,790,4,19,45.8,2,0,0
ライト,490,14,19,32.4,2,0,0
スタンダード,1480,18,28,40.8,0,0,0
プレミアム,1980,16,20,53.3,0,0,0
ライト,790,25,21,54.4,3,1,0
プレミアム,1980,48,19,26.7,1,0,0
ライト,790,6,8,23.3,1,1,1
ライト,490,2,26,49.2,2,1,0
スタンダード,990,11,20,34.8,1,1,0
ライト,790,26,16,15.4,1,0,0
プレミアム,1980,16,7,15.4,1,1,1
ライト,490,9,6,22.1,1,0,0
ライト,790,4,17,14.1,1,0,0
スタンダード,1480,17,18,50.2,1,0,0
ライト,490,4,12,36.3,1,0,0
ライト,490,16,11,21.1,0,0,1
スタンダード,1480,3,27,67.2,2,1,0
ライト,490,2,9,23.2,1,0,0
プレミアム,1980,5,1,5.6,3,0,1
ライト,790,20,16,34.9,1,0,0
ライト,490,1,13,34.2,2,1,0
ライト,490,16,8,9.5,0,0,0
ライト,790,28,7,16.4,1,0,0
プレミアム,1980,20,17,21.8,1,0,0
スタンダード,1480,3,23,64.9,4,0,0
ライト,790,13,17,32.6,1,0,0
プレミアム,1980,4,22,53.2,1,0,0
ライト,790,2,24,8.4,1,1,0
プレミアム,1980,13,21,51.3,1,0,0
スタンダード,990,17,10,28.6,0,0,0
スタンダード,990,20,14,30.0,0,1,0
ライト,490,15,15,22.5,2,0,0
ライト,490,21,16,15.1,2,0,0
スタンダード,990,13,2,2.3,0,0,1
プレミアム,1980,39,16,26.6,0,0,0
ライト,490,27,18,3.7,1,1,0
プレミアム,1980,7,16,35.5,0,0,0
スタンダード,1480,3,13,15.6,1,0,0
スタンダード,990,19,30,31.1,0,0,0
ライト,790,3,17,30.4,1,0,0
スタンダード,1480,5,19,45.8,2,0,0
スタンダード,990,1,17,14.9,1,0,0
プレミアム,1980,3,21,47.0,1,0,0
ライト,490,17,16,18.9,1,1,0
スタンダード,1480,14,5,13.7,0,0,1
スタンダード,990,4,12,31.0,2,0,0
スタンダード,1480,10,13,34.2,2,0,0
ライト,790,28,7,11.3,0,0,0
ライト,490,11,3,7.3,0,1,1
スタンダード,1480,10,22,21.9,1,1,0
プレミアム,1980,20,1,0.0,1,0,1
プレミアム,1980,7,17,43.2,1,0,0
ライト,790,35,12,23.6,2,0,0
ライト,490,5,7,5.4,1,0,1
ライト,790,4,12,28.1,1,0,0
スタンダード,1480,2,7,4.1,1,0,0
ライト,790,12,21,29.1,1,1,0
スタンダード,990,8,21,60.1,1,0,0
プレミアム,1980,6,4,11.6,3,1,1
ライト,490,26,17,15.6,0,0,0
スタンダード,990,6,30,55.5,1,0,0
スタンダード,990,8,13,15.2,1,1,1
ライト,490,9,13,35.9,1,0,1
ライト,790,29,22,33.4,2,0,0
スタンダード,1480,15,14,35.6,0,0,0
ライト,790,14,12,14.7,1,0,0
ライト,490,19,14,40.2,1,1,0
プレミアム,1980,8,18,20.2,0,0,0
プレミアム,1980,11,17,31.4,1,1,1
プレミアム,1980,8,13,11.2,1,0,0
スタンダード,1480,10,0,1.2,1,0,0
スタンダード,1480,20,25,45.5,0,0,0
ライト,790,15,6,10.1,1,0,0
プレミアム,1980,10,4,7.8,1,0,1
ライト,490,37,0,0.0,0,1,1
スタンダード,990,4,19,29.6,3,0,0
スタンダード,1480,26,12,22.3,0,0,0
プレミアム,1980,8,0,0.7,0,0,0
スタンダード,990,35,25,32.0,0,1,0
ライト,490,7,27,53.7,0,0,0
ライト,790,31,28,22.4,1,1,0
スタンダード,1480,13,4,14.0,0,0,1
ライト,790,18,14,15.8,2,1,0
スタンダード,990,21,30,92.3,1,0,0
ライト,790,23,9,29.7,1,0,0
スタンダード,990,11,5,8.2,0,0,0
スタンダード,990,4,16,30.8,2,1,0
スタンダード,1480,12,8,32.4,0,1,0
ライト,790,6,10,18.6,1,1,1
スタンダード,1480,14,18,45.7,1,0,0
ライト,790,23,25,50.9,0,0,0
スタンダード,1480,7,0,0.0,1,0,1
プレミアム,1980,13,15,40.2,1,0,0
ライト,490,29,9,26.3,0,0,1
ライト,790,3,0,3.3,2,0,1
プレミアム,1980,1,20,34.7,2,0,0
プレミアム,1980,19,9,13.1,1,1,0
ライト,790,24,14,24.4,0,0,0
スタンダード,990,16,18,59.9,3,0,0
スタンダード,990,7,1,0.5,0,0,0
ライト,790,16,13,16.1,1,0,0
ライト,790,25,18,21.6,2,0,0
プレミアム,1980,7,17,25.9,0,0,0
スタンダード,1480,32,13,20.9,2,0,1
スタンダード,1480,19,16,21.0,0,0,0
スタンダード,990,17,7,12.8,2,0,1
プレミアム,1980,9,8,21.6,1,0,0
プレミアム,1980,10,24,32.4,1,1,0
スタンダード,1480,27,13,24.1,0,1,0
スタンダード,990,11,18,47.7,1,0,0
スタンダード,1480,19,8,23.1,1,0,0
ライト,490,2,24,50.0,2,0,0
ライト,490,30,11,10.6,1,1,0
プレミアム,1980,22,10,24.0,1,1,0
スタンダード,990,33,8,14.8,1,0,0
スタンダード,990,11,3,8.1,1,0,1
スタンダード,990,7,0,0.0,2,0,1
スタンダード,990,2,0,2.1,1,0,1
ライト,790,14,19,19.6,0,0,0
プレミアム,1980,9,14,6.6,0,0,0
プレミアム,1980,18,13,39.2,0,1,0
プレミアム,1980,8,19,44.2,1,1,0
ライト,790,10,24,49.0,0,0,0
スタンダード,1480,23,0,0.9,2,1,1
プレミアム,1980,5,14,15.5,0,1,0
ライト,790,26,5,11.8,1,0,0
スタンダード,1480,13,9,18.9,1,0,0
スタンダード,990,8,13,20.6,1,0,0
ライト,790,33,12,10.1,0,0,0
スタンダード,1480,8,13,20.5,2,0,0
プレミアム,1980,23,26,73.9,1,1,0
ライト,790,10,17,30.9,0,0,0
ライト,490,37,3,4.3,1,1,0
スタンダード,1480,14,11,22.0,1,0,0
スタンダード,1480,18,24,42.3,2,1,0
スタンダード,1480,15,5,12.5,0,0,0
スタンダード,990,21,0,4.0,2,0,1
スタンダード,990,16,12,32.8,0,0,0
スタンダード,990,1,16,34.7,0,1,0
ライト,490,34,12,22.8,2,0,0
スタンダード,1480,16,8,19.0,1,1,1
スタンダード,990,8,12,24.5,0,1,0
スタンダード,1480,15,14,28.3,1,0,0
ライト,490,15,18,29.5,1,1,0
プレミアム,1980,16,9,13.1,2,0,0
ライト,490,18,20,24.6,2,1,0
スタンダード,1480,29,26,27.5,1,1,0
プレミアム,1980,18,10,9.4,0,0,0
ライト,790,8,17,44.9,1,0,0
スタンダード,990,3,12,15.4,1,1,0
スタンダード,990,8,11,21.4,1,1,0
ライト,790,16,5,3.9,0,0,0
プレミアム,1980,5,7,17.7,2,0,0
スタンダード,1480,15,21,23.7,0,1,0
ライト,790,7,17,28.1,0,0,0
スタンダード,990,10,11,26.6,0,0,0
プレミアム,1980,5,7,11.6,2,0,1
ライト,490,25,14,22.4,1,0,0
ライト,790,8,26,36.3,1,0,0
ライト,790,14,6,12.5,0,0,0
スタンダード,1480,15,19,42.8,1,1,0
ライト,490,31,12,24.4,2,0,0
スタンダード,990,20,2,6.2,0,0,1
ライト,490,23,18,15.3,2,1,0
ライト,490,3,8,23.7,1,0,0
スタンダード,990,18,22,28.5,0,0,0
プレミアム,1980,17,8,20.7,0,0,0
スタンダード,990,30,13,36.1,2,0,0
プレミアム,1980,3,14,18.0,2,1,1
スタンダード,1480,18,26,42.4,0,1,0
スタンダード,1480,27,0,2.1,1,1,1
ライト,790,10,17,30.4,1,0,0
スタンダード,990,8,18,30.4,1,1,0
ライト,790,3,11,8.3,0,1,1
ライト,490,8,5,7.9,2,0,0
プレミアム,1980,5,3,9.2,1,1,1
プレミアム,1980,36,2,9.2,1,0,1
プレミアム,1980,3,14,14.4,0,0,0
スタンダード,1480,12,9,18.1,1,0,0
スタンダード,990,25,6,19.8,1,1,1
ライト,790,21,20,57.5,0,0,0
スタンダード,1480,8,11,23.1,2,0,0
プレミアム,1980,13,3,7.8,1,0,0
ライト,490,10,16,50.2,0,0,0
スタンダード,990,2,19,19.0,2,0,1
ライト,790,11,14,35.5,0,1,0
ライト,490,2,5,17.7,0,0,1
スタンダード,1480,5,2,5.9,0,0,0
ライト,490,9,24,50.9,0,0,0
ライト,790,2,3,5.4,1,0,0
スタンダード,990,12,15,24.7,3,0,0
プレミアム,1980,14,0,3.0,2,0,0
プレミアム,1980,10,10,28.0,1,0,0
ライト,790,8,23,26.4,0,1,0
スタンダード,1480,5,13,26.2,4,0,1
ライト,790,6,1,2.8,1,0,1
スタンダード,990,20,1,3.3,2,0,1
ライト,490,9,14,15.6,2,0,0
スタンダード,990,22,15,16.2,4,0,0
ライト,490,16,27,24.0,1,0,0
プレミアム,1980,24,6,12.8,3,0,0
ライト,490,13,19,32.3,3,0,0
スタンダード,1480,3,12,27.1,1,1,0
スタンダード,990,1,27,51.3,0,0,0
ライト,490,6,30,51.7,0,1,0
ライト,490,5,0,1.3,1,1,0
ライト,490,10,9,9.4,2,0,1
スタンダード,1480,20,30,29.4,0,1,0
プレミアム,1980,25,9,17.5,0,0,0
スタンダード,1480,14,18,41.4,0,0,0
プレミアム,1980,13,10,17.4,1,1,0
プレミアム,1980,11,6,17.6,0,1,1
スタンダード,1480,11,23,34.2,1,1,0
スタンダード,1480,7,11,15.1,0,0,0
スタンダード,1480,11,10,15.5,0,0,1
ライト,790,15,1,5.7,3,0,1
ライト,490,19,5,13.0,0,0,0
スタンダード,1480,7,15,50.5,1,0,0
スタンダード,1480,22,2,3.5,1,1,1
スタンダード,990,11,20,25.2,1,1,0
スタンダード,1480,25,9,9.5,1,0,1
ライト,490,2,19,29.4,3,0,0
ライト,490,30,18,39.8,1,0,0
スタンダード,1480,22,25,37.8,1,1,0
プレミアム,1980,3,14,21.2,1,0,0
プレミアム,1980,13,13,18.8,2,0,0
スタンダード,1480,6,22,46.7,1,0,0
スタンダード,1480,14,7,0.0,1,0,1
ライト,490,7,12,18.7,0,0,0
スタンダード,990,10,0,0.7,1,0,1
スタンダード,1480,9,19,30.0,1,0,0
ライト,490,19,24,49.0,2,1,0
ライト,490,1,16,33.5,1,0,0
ライト,790,3,0,3.8,2,0,1
ライト,490,24,5,12.3,1,0,0
ライト,790,9,11,23.2,0,0,0
ライト,790,13,0,0.0,2,0,1
プレミアム,1980,13,19,32.0,2,1,0
ライト,790,6,19,25.3,2,0,0
スタンダード,990,4,22,35.0,0,0,0
ライト,790,14,2,9.6,1,1,1
ライト,490,5,1,4.0,2,0,1
プレミアム,1980,21,16,38.7,2,0,0
スタンダード,1480,9,0,1.5,1,0,1
ライト,790,21,26,48.7,0,0,0
ライト,790,21,30,64.5,3,0,0
ライト,790,10,0,0.6,0,1,0
スタンダード,1480,21,8,17.4,0,0,0
ライト,790,7,13,26.3,2,0,0
スタンダード,990,9,12,41.6,3,1,0
スタンダード,990,27,20,13.6,0,0,0
ライト,790,22,16,27.3,1,0,0
スタンダード,1480,5,4,6.1,1,0,0
スタンダード,990,5,7,16.0,2,0,0
ライト,790,16,21,55.2,0,0,0
スタンダード,1480,3,16,23.5,1,0,0
ライト,490,9,18,38.0,1,0,0
プレミアム,1980,21,0,5.0,3,1,1
プレミアム,1980,10,27,10.9,2,1,0
スタンダード,1480,35,0,4.1,1,0,1
ライト,490,5,8,19.7,3,0,1
プレミアム,1980,15,1,0.0,1,1,1
スタンダード,1480,25,10,4.1,1,1,0
スタンダード,990,46,19,41.9,1,1,0
ライト,790,2,3,0.0,2,1,0
ライト,790,8,17,29.9,0,0,0
スタンダード,990,22,18,15.2,1,1,0
スタンダード,1480,3,21,54.7,3,0,0
ライト,490,16,11,17.9,1,0,1
ライト,490,32,14,26.4,0,1,0
スタンダード,1480,28,7,11.8,1,1,0
スタンダード,1480,16,5,19.1,1,0,0
スタンダード,1480,5,24,49.6,2,0,0
ライト,790,20,14,28.8,1,0,0
スタンダード,1480,8,8,21.2,1,0,1
スタンダード,1480,22,10,28.9,0,0,0
ライト,490,14,8,13.1,1,0,0
スタンダード,990,21,19,22.0,0,0,0
スタンダード,990,27,6,18.1,1,0,0
ライト,490,14,23,27.9,2,0,0
プレミアム,1980,12,13,22.1,2,1,0
ライト,790,16,0,1.5,1,0,1
ライト,490,5,7,18.7,0,1,1
ライト,490,12,11,5.2,0,0,0
スタンダード,990,4,12,11.6,0,1,0
プレミアム,1980,2,13,29.4,0,0,0
スタンダード,1480,11,13,4.8,1,1,0
スタンダード,990,6,5,9.0,1,0,0
スタンダード,990,38,19,47.4,0,0,0
ライト,490,9,15,26.3,1,0,0
ライト,490,3,19,44.1,0,0,0
ライト,790,9,5,18.1,0,0,0
ライト,790,37,0,3.7,0,1,1
プレミアム,1980,15,10,13.9,0,0,0
ライト,490,3,10,14.6,4,0,1
スタンダード,1480,12,30,46.1,1,0,0
プレミアム,1980,21,11,17.4,1,0,0
スタンダード,1480,11,1,2.2,2,0,1
ライト,790,11,14,30.6,1,1,0
スタンダード,990,28,25,65.5,1,0,0
スタンダード,1480,15,11,29.2,1,0,0
スタンダード,990,2,19,24.5,1,0,0
スタンダード,990,7,19,51.8,2,0,0
ライト,790,4,9,11.1,0,0,0
ライト,790,13,10,35.6,1,0,0
プレミアム,1980,3,0,0.1,1,1,0
プレミアム,1980,2,0,0.0,1,0,1
スタンダード,1480,33,12,21.1,2,1,1
プレミアム,1980,25,13,15.8,1,0,0
スタンダード,1480,11,22,44.6,3,0,0
ライト,490,18,1,4.3,0,0,0
ライト,790,7,18,38.0,2,0,0
プレミアム,1980,15,13,35.3,1,0,1
スタンダード,1480,14,3,8.5,0,0,0
スタンダード,1480,1,8,26.2,1,1,1
ライト,490,25,20,35.7,0,0,0
スタンダード,990,19,10,27.9,0,0,0
プレミアム,1980,33,19,27.9,0,0,0
スタンダード,990,4,15,33.3,2,1,0
スタンダード,990,12,9,20.4,2,1,1
ライト,790,1,9,11.0,1,0,0
ライト,790,9,7,8.1,3,1,0
スタンダード,990,7,18,49.4,1,1,0
プレミアム,1980,9,8,11.5,0,0,0
ライト,490,22,11,31.8,2,1,0
プレミアム,1980,19,14,29.7,1,0,0
ライト,490,11,20,30.9,2,0,0
プレミアム,1980,8,11,19.7,0,1,1
ライト,490,28,11,28.7,2,0,0
プレミアム,1980,14,23,41.2,0,1,0
スタンダード,1480,9,22,35.0,0,0,0
スタンダード,1480,4,8,26.4,2,1,0
スタンダード,990,4,17,16.6,1,0,1
スタンダード,1480,9,18,18.5,2,0,1
スタンダード,990,41,7,16.2,1,0,1
ライト,790,19,25,61.7,1,1,0
ライト,790,13,6,10.9,1,0,0
スタンダード,1480,19,15,31.5,0,1,0
スタンダード,990,2,6,10.9,1,0,1
スタンダード,1480,7,16,49.9,1,1,1
ライト,490,35,26,47.4,1,0,0
スタンダード,1480,11,13,21.4,1,1,0
プレミアム,1980,6,21,53.1,2,1,0
スタンダード,1480,3,29,71.0,1,0,0
ライト,790,11,14,34.4,4,1,1
ライト,790,10,15,25.2,0,1,0
ライト,490,17,16,36.7,1,0,0
プレミアム,1980,7,7,20.1,1,1,0
スタンダード,990,2,12,23.4,1,0,0
ライト,790,14,12,23.0,1,1,0
スタンダード,1480,21,11,20.1,0,0,0
ライト,490,3,9,8.4,1,0,1
スタンダード,1480,3,6,13.8,0,1,0
ライト,490,19,9,15.6,1,1,0
ライト,790,10,29,69.3,2,0,0
ライト,790,12,16,37.1,2,1,1
スタンダード,1480,17,13,10.6,2,0,1
スタンダード,1480,1,13,15.7,0,0,0
ライト,490,5,12,19.3,2,0,0
スタンダード,990,11,21,37.1,2,0,0
プレミアム,1980,8,13,20.7,0,0,0
ライト,790,29,12,24.1,3,0,1
ライト,490,5,14,53.7,1,0,0
ライト,490,22,3,8.5,0,0,0
プレミアム,1980,3,19,55.5,1,1,0
スタンダード,990,4,24,70.8,1,1,1
ライト,790,2,28,53.7,1,0,0
ライト,790,13,6,0.0,0,0,1
ライト,490,15,5,20.2,1,0,1
スタンダード,990,5,10,35.7,2,0,1
スタンダード,1480,10,24,16.0,1,0,0
ライト,490,13,29,36.1,3,1,0
スタンダード,990,18,10,18.4,0,0,0
スタンダード,990,10,2,4.2,1,0,0
スタンダード,1480,8,15,28.0,0,0,0
ライト,790,9,0,6.7,1,0,0
ライト,490,21,4,7.1,2,1,0
スタンダード,1480,24,21,56.3,1,0,0
