日付,始値,高値,安値,終値,出来高,日経平均,ドル円
2023-01-04,2479.7,2520.9,2467.1,2520.3,3488642,33494,149.43
2023-01-05,2525.8,2559.2,2494.2,2551.6,2635959,33667,149.83
2023-01-06,2534.8,2654.9,2533.9,2646.8,4976734,34418,150.22
2023-01-09,2653.1,2666.7,2545.3,2550.8,7314291,33792,151.07
2023-01-10,2548.0,2579.7,2544.5,2572.7,2135636,33914,151.35
2023-01-11,2568.6,2570.1,2512.9,2529.4,4555298,33699,151.60
2023-01-12,2532.1,2536.6,2522.7,2535.8,1411901,33707,152.94
2023-01-13,2535.2,2579.4,2526.5,2572.8,2836872,34201,154.01
2023-01-16,2566.6,2639.1,2557.5,2614.9,3506974,34518,153.69
2023-01-17,2618.7,2628.7,2607.6,2624.8,1690698,34351,154.43
2023-01-18,2605.6,2627.1,2589.0,2623.7,1005529,34434,154.71
2023-01-19,2638.9,2647.4,2632.3,2643.8,1676719,34598,154.36
2023-01-20,2662.2,2668.1,2639.0,2649.1,1239915,34879,154.36
2023-01-23,2640.5,2647.1,2601.4,2614.3,2503899,34588,155.11
2023-01-24,2611.1,2663.7,2599.1,2658.6,4345331,35031,154.97
2023-01-25,2647.1,2647.5,2614.6,2621.0,2929535,35195,155.31
2023-01-26,2621.1,2621.5,2606.5,2618.6,1053363,35235,154.47
2023-01-27,2602.4,2632.8,2576.2,2578.2,4225079,34985,153.17
2023-01-30,2580.3,2583.1,2536.2,2556.4,2181065,35038,153.20
2023-01-31,2542.1,2545.8,2522.1,2525.1,2350037,34797,154.05
2023-02-01,2516.7,2538.4,2508.8,2533.8,1270174,34633,153.23
2023-02-02,2525.8,2552.8,2503.1,2552.0,1990362,34822,154.32
2023-02-03,2557.2,2591.6,2548.6,2589.4,3081740,34991,156.08
2023-02-06,2596.1,2612.4,2582.9,2606.2,2526919,34835,155.48
2023-02-07,2591.1,2635.5,2590.5,2618.8,1417226,34673,155.04
2023-02-08,2615.5,2674.8,2600.7,2670.9,4619222,35047,155.58
2023-02-09,2668.8,2698.9,2663.4,2675.2,1281868,34946,154.79
2023-02-10,2696.3,2715.5,2672.4,2714.4,3953622,35700,152.91
2023-02-13,2716.4,2751.4,2714.0,2750.9,3857735,35905,153.05
2023-02-14,2757.9,2781.7,2753.8,2769.5,1677728,36029,153.41
2023-02-15,2765.3,2801.9,2757.1,2782.6,1588954,36051,153.28
2023-02-16,2782.1,2796.2,2752.3,2756.3,2039082,36104,152.98
2023-02-17,2759.1,2777.3,2715.6,2734.7,2751925,35528,152.72
2023-02-20,2749.2,2753.9,2739.9,2748.2,1717053,35688,152.32
2023-02-21,2731.2,2818.9,2715.7,2809.6,3021358,36264,151.26
2023-02-22,2801.6,2803.3,2766.7,2771.9,2574946,35987,150.63
2023-02-23,2767.0,2793.7,2754.3,2792.0,2321768,36210,149.91
2023-02-24,2789.7,2838.4,2787.5,2829.7,3810619,35936,148.87
2023-02-27,2824.6,2840.2,2766.3,2767.2,3699053,35575,149.39
2023-02-28,2757.7,2791.5,2749.3,2785.0,1605678,35973,149.29
2023-03-01,2784.6,2795.4,2755.3,2776.8,1214329,35711,149.45
2023-03-02,2787.5,2823.1,2773.5,2804.6,2015905,35848,148.37
2023-03-03,2797.0,2833.2,2771.2,2825.4,2532834,35540,149.81
2023-03-06,2818.8,2919.4,2788.7,2914.9,6320074,35483,148.59
2023-03-07,2917.6,2943.4,2913.7,2938.3,2528987,35607,146.15
2023-03-08,2944.9,3032.3,2920.2,3031.3,4752152,36157,146.44
2023-03-09,3033.7,3101.7,3024.8,3088.0,4850851,36603,146.80
2023-03-10,3079.5,3139.1,3069.3,3114.0,2068622,36756,147.18
2023-03-13,3120.3,3134.3,3048.0,3048.5,4236459,36133,147.44
2023-03-14,3049.2,3057.8,3013.3,3020.3,3003966,36002,149.16
2023-03-15,3005.3,3006.3,2960.8,2973.8,3705694,35654,148.41
2023-03-16,2980.9,2998.9,2960.4,2962.6,1438863,35811,148.55
2023-03-17,2971.7,2986.6,2971.3,2986.0,1969166,36014,148.85
2023-03-20,2985.7,2999.7,2974.5,2976.1,1659898,35945,147.59
2023-03-21,2967.1,2992.8,2961.1,2967.2,1276337,36231,147.82
2023-03-22,2975.5,2985.2,2969.1,2978.4,1733322,36703,147.25
2023-03-23,2984.1,2989.9,2903.2,2904.4,5405212,36333,148.93
2023-03-24,2907.7,2914.4,2907.3,2911.4,1185407,36268,149.77
2023-03-27,2906.5,2931.4,2902.8,2930.0,2385310,36496,147.66
2023-03-28,2946.5,2954.0,2905.4,2911.2,1971414,36262,147.27
2023-03-29,2909.0,2929.8,2863.0,2878.7,2026110,36095,146.88
2023-03-30,2881.0,2943.4,2870.4,2938.9,3635635,36217,146.24
2023-03-31,2935.7,2957.8,2926.7,2956.1,1520709,36141,147.55
2023-04-03,2951.3,2955.0,2754.5,2757.5,9182823,36032,148.09
2023-04-04,2765.3,2768.1,2658.2,2665.7,7711940,36360,148.12
2023-04-05,2676.8,2704.4,2675.2,2690.9,2414210,36530,148.78
2023-04-06,2697.1,2715.0,2693.6,2701.6,1516638,36473,148.35
2023-04-07,2703.6,2721.0,2669.4,2688.4,1944958,36404,149.62
2023-04-10,2673.5,2716.4,2667.9,2704.2,1477129,36364,149.44
2023-04-11,2710.7,2731.6,2710.2,2717.7,1743262,36517,150.00
2023-04-12,2718.9,2741.4,2709.0,2738.8,1971749,36962,150.08
2023-04-13,2750.9,2756.1,2712.1,2719.7,2463382,37120,149.92
2023-04-14,2714.9,2722.6,2696.6,2700.4,1916774,37313,147.87
2023-04-17,2708.6,2770.6,2702.9,2765.2,3426522,37677,147.35
2023-04-18,2756.6,2771.2,2725.1,2732.3,3768608,37436,147.16
2023-04-19,2732.4,2782.2,2730.5,2775.3,2893220,37851,146.92
2023-04-20,2794.5,2846.5,2785.7,2838.3,3905300,38527,145.87
2023-04-21,2828.5,2831.3,2798.7,2801.3,3942819,38355,146.15
2023-04-24,2795.2,2837.0,2790.4,2827.7,2296161,38509,146.33
2023-04-25,2836.2,2843.2,2832.2,2838.0,1335795,38855,146.87
2023-04-26,2828.3,2927.4,2817.0,2896.4,4807690,39515,148.19
2023-04-27,2889.5,2893.3,2865.9,2887.8,1293573,39808,147.42
2023-04-28,2891.2,2913.1,2846.8,2869.2,2429519,39683,146.99
2023-05-01,2878.9,2930.9,2878.9,2908.3,2221099,40079,146.99
2023-05-02,2925.0,2966.1,2891.5,2900.6,1383669,39662,146.81
2023-05-03,2903.6,2924.9,2839.5,2844.2,3430378,39524,147.40
2023-05-04,2841.5,2853.5,2742.8,2743.3,8893774,38979,147.76
2023-05-05,2742.5,2763.9,2728.1,2754.9,1771998,39341,147.33
2023-05-08,2752.1,2755.5,2729.9,2734.8,1973319,38944,147.23
2023-05-09,2744.0,2794.9,2737.4,2790.5,5482406,39163,148.07
2023-05-10,2780.9,2873.6,2780.1,2843.2,3581763,38810,149.06
2023-05-11,2841.1,2849.5,2794.5,2807.8,3261002,38501,149.26
2023-05-12,2819.8,2821.2,2805.4,2808.8,955280,38764,149.69
2023-05-15,2819.1,2825.9,2804.4,2808.5,930038,38545,149.79
2023-05-16,2802.4,2830.5,2794.5,2821.2,1423454,38358,149.32
2023-05-17,2811.6,2901.6,2795.3,2893.7,6326956,38884,148.96
2023-05-18,2896.1,2923.6,2895.1,2909.6,1513248,39218,149.22
2023-05-19,2899.7,2927.4,2885.7,2919.5,1719181,39229,149.25
2023-05-22,2920.8,2941.7,2870.3,2896.6,1852970,39184,148.39
2023-05-23,2890.2,2947.0,2887.5,2939.4,2952382,39090,147.66
2023-05-24,2930.8,2936.0,2828.0,2850.5,4048105,38700,147.42
2023-05-25,2862.1,2970.9,2860.3,2951.9,7939865,38954,146.56
2023-05-26,2962.4,2968.1,2875.7,2876.1,6393997,38574,146.03
2023-05-29,2884.7,2908.1,2880.7,2886.5,1273627,38339,145.51
2023-05-30,2897.5,2949.1,2889.0,2944.4,3680442,38547,146.76
2023-05-31,2945.1,2955.1,2941.2,2944.2,928785,38847,146.98
2023-06-01,2945.5,2949.3,2911.6,2915.3,2607061,38509,147.26
2023-06-02,2925.3,2947.8,2833.7,2837.3,5744908,38406,147.47
2023-06-05,2843.1,2897.7,2838.4,2886.0,3886250,38757,148.81
2023-06-06,2894.3,2905.1,2890.4,2904.5,1642852,38863,149.75
2023-06-07,2906.1,2989.5,2899.2,2970.8,4734795,39207,152.24
2023-06-08,2983.3,2990.7,2950.6,2963.7,1316093,38706,153.91
2023-06-09,2954.3,3032.0,2946.3,3015.8,4161627,38617,153.60
2023-06-12,3008.0,3102.1,2989.5,3090.3,4961000,39469,153.20
2023-06-13,3099.4,3195.1,3094.2,3173.4,3983452,39841,154.18
2023-06-14,3184.0,3222.4,3157.4,3222.4,3582326,40556,153.81
2023-06-15,3209.2,3218.0,3162.0,3174.1,3719424,40852,154.95
2023-06-16,3173.4,3178.1,3136.7,3141.6,2896507,40606,156.88
2023-06-19,3140.1,3239.3,3138.8,3231.0,3732299,41457,157.48
2023-06-20,3227.9,3261.1,3215.2,3243.4,1383794,41570,157.55
2023-06-21,3265.2,3273.4,3224.4,3227.9,1919895,41454,157.49
2023-06-22,3204.3,3269.1,3192.4,3259.7,3325172,41695,156.50
2023-06-23,3258.5,3345.5,3253.5,3336.4,6083519,42335,156.99
2023-06-26,3342.3,3345.8,3332.0,3335.5,988863,42143,156.59
2023-06-27,3319.8,3435.4,3313.2,3420.4,4664374,42530,157.49
2023-06-28,3424.1,3519.6,3416.0,3518.6,5986487,43612,158.67
2023-06-29,3499.4,3520.1,3467.8,3483.8,2580183,43387,158.36
2023-06-30,3497.5,3509.1,3479.2,3490.8,1374238,43019,158.94
2023-07-03,3500.1,3501.9,3411.6,3421.5,4226994,42407,156.46
2023-07-04,3435.0,3472.2,3430.2,3462.4,3350470,42748,155.63
2023-07-05,3477.9,3485.2,3448.9,3459.9,1072118,42644,157.49
2023-07-06,3471.9,3515.5,3468.2,3494.0,3130790,42480,157.58
2023-07-07,3501.9,3509.9,3456.5,3461.3,2489987,42709,159.29
2023-07-10,3464.9,3478.7,3442.4,3454.6,1317885,42863,158.95
2023-07-11,3459.5,3464.0,3419.4,3424.7,1826616,42242,159.73
2023-07-12,3407.4,3418.6,3365.5,3375.1,3329350,41592,159.88
2023-07-13,3380.5,3474.5,3343.7,3464.9,3534650,42066,159.29
2023-07-14,3467.6,3479.7,3394.3,3405.1,3083462,42260,160.24
2023-07-17,3419.1,3427.7,3357.7,3374.5,2911478,42313,161.40
2023-07-18,3374.0,3412.9,3349.5,3405.9,2053766,42585,160.03
2023-07-19,3410.6,3415.8,3380.0,3396.5,1190163,42109,160.80
2023-07-20,3394.3,3400.3,3311.8,3323.9,4549712,41478,160.06
2023-07-21,3337.2,3366.0,3268.5,3273.7,3454486,41331,160.04
2023-07-24,3284.3,3348.0,3272.7,3342.7,3973706,41496,159.70
2023-07-25,3341.5,3453.1,3319.1,3444.6,5908500,41974,159.72
2023-07-26,3457.3,3511.1,3445.8,3502.5,4475324,42162,157.73
2023-07-27,3501.0,3528.6,3427.4,3442.0,4758934,41827,155.49
2023-07-28,3440.9,3454.9,3348.0,3350.0,4407868,42017,155.36
2023-07-31,3367.5,3375.8,3292.8,3304.0,3273345,41964,154.42
2023-08-01,3315.7,3317.0,3268.0,3268.7,2595310,41964,153.10
2023-08-02,3269.0,3310.7,3260.1,3305.7,3025571,42570,153.00
2023-08-03,3311.3,3418.2,3302.2,3391.6,4324156,43380,153.36
2023-08-04,3386.1,3400.6,3355.4,3364.5,2292423,43441,152.74
2023-08-07,3363.9,3384.1,3337.1,3350.6,1375152,43696,153.90
2023-08-08,3342.8,3360.8,3315.0,3316.4,2112652,43440,154.35
2023-08-09,3309.0,3333.1,3290.8,3296.4,2062131,43189,154.15
2023-08-10,3294.6,3459.9,3271.3,3440.2,10684005,43646,153.60
2023-08-11,3451.9,3503.3,3437.1,3493.4,4226193,44159,152.25
2023-08-14,3496.6,3538.1,3483.3,3521.5,2062900,44362,152.49
2023-08-15,3522.0,3536.6,3503.6,3531.9,1380798,44618,153.16
2023-08-16,3542.0,3548.6,3432.0,3439.7,6574876,44911,152.64
2023-08-17,3453.3,3468.5,3450.1,3453.7,1642455,44665,152.10
2023-08-18,3452.4,3494.1,3446.7,3487.7,3067147,44684,152.32
2023-08-21,3498.4,3509.4,3451.5,3467.1,1547362,43840,152.65
2023-08-22,3445.8,3508.7,3445.3,3503.7,2987809,44136,153.71
2023-08-23,3515.9,3524.0,3509.5,3511.4,1141959,43581,154.99
2023-08-24,3513.2,3571.1,3507.2,3552.5,3777044,43860,154.50
2023-08-25,3547.1,3607.4,3535.9,3594.4,2328585,44435,155.08
2023-08-28,3603.0,3714.5,3594.1,3697.9,6389788,45225,155.21
2023-08-29,3708.1,3711.5,3652.7,3680.4,1419985,45169,154.29
2023-08-30,3671.0,3677.3,3649.2,3677.1,1077427,45091,154.86
2023-08-31,3691.8,3711.4,3668.4,3681.6,1130400,45255,154.23
2023-09-01,3687.2,3734.5,3679.6,3715.9,2116379,45418,155.27
2023-09-04,3705.7,3850.0,3692.9,3822.1,3685022,46448,154.74
2023-09-05,3812.9,3841.2,3806.1,3826.6,1074964,46984,155.25
2023-09-06,3837.3,3883.7,3819.0,3880.7,3509297,47884,155.51
2023-09-07,3884.4,3924.6,3879.0,3914.3,1756941,48560,154.36
2023-09-08,3938.6,3956.1,3934.8,3955.5,3531957,48798,155.51
2023-09-11,3961.7,3981.2,3947.7,3959.2,1072671,48768,155.94
2023-09-12,3943.7,3963.7,3903.5,3917.4,3159474,49203,155.11
2023-09-13,3924.1,3931.5,3908.0,3912.4,1060798,48944,155.05
2023-09-14,3907.7,3919.7,3870.3,3876.4,2666629,48774,155.91
2023-09-15,3861.6,3918.4,3846.7,3910.1,2031968,49572,157.21
2023-09-18,3897.5,3904.1,3869.2,3886.4,1982646,49499,155.22
2023-09-19,3870.1,3882.5,3725.9,3732.2,6925931,48875,156.15
2023-09-20,3726.7,3765.8,3712.8,3753.0,1902854,49763,156.05
2023-09-21,3746.2,3760.7,3662.9,3663.6,3575428,49118,156.19
2023-09-22,3661.9,3746.0,3655.2,3744.9,4109659,49631,154.78
2023-09-25,3744.6,3768.4,3671.9,3676.3,3872771,49757,154.34
2023-09-26,3674.4,3683.3,3661.3,3667.5,1241887,49781,154.95
2023-09-27,3656.2,3659.5,3622.1,3644.2,1588515,49580,154.64
2023-09-28,3657.6,3666.4,3590.9,3607.1,2901687,50389,152.84
2023-09-29,3618.4,3628.9,3565.1,3581.2,2346277,50400,151.92
2023-10-02,3586.3,3597.2,3500.5,3510.3,4915573,49814,151.26
2023-10-03,3525.0,3553.4,3518.8,3550.6,2893954,49914,151.00
2023-10-04,3553.8,3574.6,3516.5,3529.7,2170169,50359,149.79
2023-10-05,3544.2,3628.5,3520.4,3618.2,4806517,50520,149.74
2023-10-06,3619.1,3631.2,3454.3,3478.3,9552895,50436,149.23
2023-10-09,3487.3,3492.6,3461.6,3476.1,1029059,50511,150.99
2023-10-10,3494.1,3497.3,3422.1,3442.1,1907924,50267,150.40
2023-10-11,3431.1,3432.9,3404.4,3409.3,2806496,50418,151.12
2023-10-12,3416.6,3450.9,3379.3,3388.6,1985978,50528,151.35
2023-10-13,3393.2,3403.3,3294.5,3315.0,5258125,49922,151.43
2023-10-16,3308.1,3351.8,3297.5,3347.4,3052209,50781,151.13
2023-10-17,3340.6,3366.5,3335.4,3351.7,1200573,50774,151.58
2023-10-18,3357.9,3368.2,3325.2,3325.8,2568705,50419,151.88
2023-10-19,3335.5,3381.8,3324.8,3377.6,3265611,50969,150.98
2023-10-20,3369.7,3417.5,3366.2,3417.0,3022752,51849,150.38
2023-10-23,3397.6,3403.5,3362.7,3384.7,3251680,51242,149.61
2023-10-24,3399.0,3477.8,3385.6,3473.4,5284634,52214,149.44
2023-10-25,3471.8,3491.1,3459.4,3461.4,1316741,52111,149.05
2023-10-26,3459.5,3462.3,3356.2,3396.1,5247905,51702,149.36
2023-10-27,3397.0,3476.8,3386.5,3473.5,3170281,51520,148.83
2023-10-30,3476.7,3488.9,3476.5,3482.3,1252891,51438,147.44
2023-10-31,3480.7,3482.3,3462.0,3475.2,1213226,51663,147.17
2023-11-01,3475.0,3506.4,3471.6,3492.1,2094813,51701,147.06
2023-11-02,3488.4,3519.7,3461.8,3513.2,1811072,52172,145.82
2023-11-03,3527.2,3535.6,3450.2,3467.9,2709276,51629,146.23
2023-11-06,3462.6,3485.8,3459.3,3474.4,1337012,52030,147.23
2023-11-07,3474.3,3538.3,3462.6,3534.5,2594252,52374,147.67
2023-11-08,3549.8,3582.6,3536.2,3544.3,1380399,52144,148.37
2023-11-09,3534.5,3623.9,3524.0,3614.4,3218343,52673,149.06
2023-11-10,3625.9,3631.5,3465.6,3494.1,9080597,51789,148.23
2023-11-13,3492.4,3496.4,3431.3,3452.4,3684383,51836,147.18
2023-11-14,3453.7,3462.1,3379.2,3402.6,3373723,51099,148.33
2023-11-15,3410.1,3418.8,3308.6,3315.6,6138219,51300,149.11
2023-11-16,3309.9,3354.0,3294.7,3344.9,2380408,52267,148.32
2023-11-17,3351.9,3428.0,3343.3,3419.3,4598279,52338,148.72
2023-11-20,3402.9,3544.7,3387.4,3526.1,4638697,53067,148.38
2023-11-21,3544.4,3606.7,3539.9,3595.5,3303901,53637,148.59
2023-11-22,3594.0,3600.4,3574.6,3584.4,1292612,54345,148.05
2023-11-23,3592.0,3606.6,3542.3,3545.9,3424036,54314,147.82
2023-11-24,3541.0,3550.3,3504.3,3505.3,3068477,54378,146.81
2023-11-27,3501.8,3527.7,3412.1,3424.6,6036400,54022,146.91
2023-11-28,3415.7,3450.9,3405.3,3442.8,2174624,54516,146.38
2023-11-29,3454.9,3463.3,3454.4,3463.3,1700607,54296,145.05
2023-11-30,3451.1,3453.2,3431.1,3441.6,2164812,54084,145.68
2023-12-01,3450.1,3451.9,3403.0,3410.2,2685296,53814,146.27
2023-12-04,3409.6,3532.0,3382.1,3531.3,9139774,54723,146.81
2023-12-05,3537.3,3544.5,3509.3,3538.3,1177273,54538,147.59
2023-12-06,3554.3,3636.9,3549.0,3619.8,6235856,54502,148.13
2023-12-07,3620.8,3626.1,3584.7,3587.3,2245777,53780,148.17
2023-12-08,3577.0,3592.5,3575.2,3586.9,944651,54316,145.73
2023-12-11,3598.0,3608.7,3578.9,3604.0,1378538,54380,146.05
2023-12-12,3605.9,3637.8,3502.3,3521.9,5815869,54786,146.07
2023-12-13,3526.4,3528.5,3421.0,3431.5,5529948,54976,146.52
2023-12-14,3448.7,3460.2,3323.7,3331.7,7340431,53924,146.60
2023-12-15,3329.0,3399.0,3304.0,3393.3,4814677,54885,145.69
2023-12-18,3378.0,3433.7,3374.2,3429.6,2486601,55722,145.57
2023-12-19,3446.0,3462.6,3359.7,3370.9,3228903,55087,145.60
2023-12-20,3358.9,3370.5,3295.7,3295.7,6258325,54555,144.90
2023-12-21,3290.9,3350.8,3289.7,3329.8,2233443,54592,145.42
2023-12-22,3322.6,3337.7,3312.0,3313.9,1848611,54728,145.22
2023-12-25,3309.1,3319.4,3297.1,3308.4,1333467,54539,145.31
2023-12-26,3318.4,3389.9,3311.9,3373.6,4181985,54761,145.95
2023-12-27,3382.3,3402.4,3352.0,3401.3,2383610,55042,147.14
2023-12-28,3416.5,3488.0,3413.3,3470.7,4385775,55555,146.50
2023-12-29,3463.5,3475.9,3445.6,3475.3,1069158,55377,146.44
2024-01-01,3471.8,3480.1,3327.9,3331.1,7668214,55267,147.91
2024-01-02,3338.0,3343.1,3287.0,3291.7,2130514,55064,148.56
2024-01-03,3302.4,3390.9,3283.1,3372.4,4068786,55371,150.00
2024-01-04,3393.8,3397.8,3323.0,3330.0,3729186,54745,149.74
2024-01-05,3333.1,3355.4,3310.8,3326.3,1171063,54102,149.51
2024-01-08,3308.9,3337.7,3305.3,3335.7,1415931,54239,147.36
2024-01-09,3320.9,3379.1,3315.3,3371.1,2726004,54740,148.46
2024-01-10,3383.7,3483.2,3370.6,3469.2,7265081,54826,149.01
2024-01-11,3452.2,3582.7,3433.7,3543.7,3354212,55343,148.91
2024-01-12,3537.7,3566.2,3518.1,3564.2,1496149,55650,149.20
2024-01-15,3561.8,3570.5,3542.2,3542.9,2058173,55763,149.27
2024-01-16,3545.6,3628.3,3542.5,3614.4,3186496,56332,149.48
2024-01-17,3605.5,3697.9,3597.7,3664.3,3412259,57101,148.42
2024-01-18,3667.5,3716.4,3651.5,3678.9,1785144,57115,148.57
2024-01-19,3671.2,3796.6,3669.5,3769.3,3594567,57744,149.19
2024-01-22,3768.8,3784.9,3736.6,3755.9,1601079,57463,149.83
2024-01-23,3734.5,3782.9,3720.8,3760.1,1080474,57300,150.76
2024-01-24,3754.4,3757.4,3663.8,3667.4,5247340,57609,153.11
2024-01-25,3671.0,3749.1,3647.1,3732.6,4199430,57887,152.33
2024-01-26,3720.0,3818.0,3717.7,3804.6,3687496,58610,153.01
2024-01-29,3793.3,3918.6,3775.4,3915.1,3705303,58786,153.09
2024-01-30,3913.1,3954.2,3901.3,3949.4,3069500,58763,153.19
2024-01-31,3951.6,3976.7,3949.1,3964.6,1547582,59135,152.39
2024-02-01,3962.6,3967.9,3956.0,3965.3,947306,59380,152.61
2024-02-02,3957.6,3972.1,3921.1,3922.4,2274613,58511,151.87
2024-02-05,3954.5,3967.5,3895.0,3897.2,2183202,58048,152.43
2024-02-06,3891.8,3896.7,3885.1,3890.2,1277220,57490,152.28
2024-02-07,3892.6,3900.4,3833.1,3871.6,1407865,57540,152.35
2024-02-08,3890.8,3895.2,3794.3,3804.7,4560678,57032,152.84
2024-02-09,3817.3,3840.9,3777.9,3789.6,1309693,56867,152.89
2024-02-12,3788.6,3843.7,3779.9,3840.0,3579976,56941,152.76
2024-02-13,3849.1,3896.3,3848.4,3887.2,2394695,57284,152.18
2024-02-14,3883.5,3916.5,3880.9,3913.1,2087564,57408,152.12
2024-02-15,3910.5,3965.5,3901.1,3965.0,3438176,57603,152.47
2024-02-16,3959.4,3965.0,3857.6,3874.2,5976523,56833,152.40
2024-02-19,3874.6,3979.4,3853.9,3976.5,4419287,56872,152.31
2024-02-20,3985.8,4021.6,3984.7,3993.2,1932725,57391,152.48
2024-02-21,3971.1,4088.2,3967.2,4059.4,3456531,58034,153.44
2024-02-22,4050.9,4198.5,4050.1,4180.9,8187232,58858,154.59
2024-02-23,4185.6,4223.7,4174.8,4219.5,2600527,59174,154.15
2024-02-26,4229.0,4292.1,4214.7,4276.6,2319898,59709,152.84
2024-02-27,4303.7,4322.2,4288.8,4296.5,1471693,59736,153.29
2024-02-28,4310.6,4335.8,4198.5,4207.6,5908007,59554,153.48
2024-02-29,4207.1,4213.8,4115.2,4117.7,3374872,59075,153.33
2024-03-01,4108.7,4111.2,4040.3,4058.9,3095282,58918,152.60
2024-03-04,4061.9,4225.0,4045.0,4215.8,10034810,59802,152.90
2024-03-05,4203.2,4234.5,4187.8,4189.5,2242567,59819,154.94
2024-03-06,4181.9,4222.5,4176.9,4221.8,2560071,59694,155.26
2024-03-07,4206.4,4210.1,4108.8,4117.2,5642164,58558,155.47
2024-03-08,4123.6,4157.5,4033.8,4039.6,3699127,58274,155.70
2024-03-11,4025.7,4055.2,4016.0,4049.0,1358774,57946,156.39
2024-03-12,4049.5,4075.9,4030.8,4046.7,1026024,57751,155.61
2024-03-13,4056.3,4160.6,4044.9,4154.4,6320819,58845,155.08
2024-03-14,4148.7,4177.0,4021.9,4037.2,4674455,57908,154.44
2024-03-15,4011.3,4081.2,4003.8,4078.7,2453476,57932,153.93
2024-03-18,4091.4,4109.7,4072.9,4084.2,1244423,57892,153.96
2024-03-19,4099.3,4116.3,4095.9,4099.5,1393847,58409,155.31
2024-03-20,4110.3,4122.6,4107.8,4117.7,1627585,58475,156.17
2024-03-21,4130.9,4165.9,4117.9,4129.2,1537388,58324,156.80
2024-03-22,4136.3,4163.4,4102.2,4119.3,1240405,58395,155.99
2024-03-25,4111.6,4114.1,4077.7,4083.8,2049359,57069,156.38
2024-03-26,4093.5,4097.1,4063.4,4081.1,995172,57897,156.17
2024-03-27,4070.6,4104.4,4041.6,4096.5,1382753,57902,154.32
2024-03-28,4104.1,4114.1,3966.1,3971.4,4788432,57969,154.64
2024-03-29,3977.8,3995.8,3929.6,3941.7,2229042,58231,153.72
2024-04-01,3939.4,3986.2,3791.9,3803.6,6721984,58323,155.63
2024-04-02,3800.8,3802.7,3721.6,3722.2,4519192,57179,156.87
2024-04-03,3723.5,3753.1,3656.8,3662.0,3690042,56601,156.00
2024-04-04,3643.0,3665.2,3613.4,3621.8,3488802,57176,155.88
2024-04-05,3614.5,3637.1,3607.5,3627.3,1118559,57485,156.39
2024-04-08,3637.1,3677.4,3631.9,3658.0,2467322,57876,155.23
2024-04-09,3668.0,3677.8,3599.5,3616.8,3165696,58493,154.30
2024-04-10,3619.8,3635.7,3615.4,3628.5,1472316,58603,153.29
2024-04-11,3634.2,3664.4,3608.8,3648.9,2241143,58574,153.45
2024-04-12,3634.5,3722.7,3634.3,3716.8,4324845,59291,152.50
2024-04-15,3722.7,3732.9,3703.5,3711.4,1217610,58890,151.96
2024-04-16,3728.3,3832.5,3720.8,3806.7,4776594,59847,151.75
2024-04-17,3794.1,3866.3,3783.5,3853.3,2253199,60287,151.81
2024-04-18,3846.0,3996.9,3817.5,3977.2,7430719,61689,152.06
2024-04-19,3964.6,3995.9,3936.7,3978.9,1003357,61173,152.62
2024-04-22,3985.1,4071.1,3982.8,4066.0,6241043,61978,152.71
2024-04-23,4063.9,4140.8,4037.0,4130.8,4555648,61861,153.73
2024-04-24,4100.2,4149.1,4094.1,4129.6,977447,61276,153.63
2024-04-25,4155.7,4167.8,4092.3,4094.4,2141854,60705,152.83
2024-04-26,4075.9,4104.1,3940.7,3950.3,4661532,59954,153.84
2024-04-29,3966.9,3971.7,3878.1,3915.8,3072899,60269,153.41
2024-04-30,3912.8,3925.9,3881.4,3898.9,1721360,60397,154.33
2024-05-01,3913.8,3937.5,3886.0,3890.6,1443107,60265,153.42
2024-05-02,3883.8,3885.4,3795.7,3797.6,5403633,60037,152.71
2024-05-03,3793.4,3806.5,3685.1,3704.7,5941345,59228,154.00
2024-05-06,3699.1,3712.3,3681.9,3706.5,1026738,59705,152.77
2024-05-07,3722.7,3735.0,3699.5,3703.5,996800,59956,153.54
2024-05-08,3723.7,3744.5,3685.7,3693.4,1225331,59376,154.51
2024-05-09,3684.1,3689.1,3546.7,3559.6,5008976,58992,154.22
2024-05-10,3565.8,3582.2,3484.9,3492.7,4348318,58861,154.52
2024-05-13,3490.3,3522.6,3482.0,3510.3,1450426,58683,154.10
2024-05-14,3505.8,3534.5,3492.1,3492.9,1915819,58325,153.55
2024-05-15,3491.8,3508.8,3311.1,3319.0,8157195,57959,153.63
2024-05-16,3312.2,3371.9,3298.9,3367.2,2813097,58342,154.70
2024-05-17,3368.8,3398.0,3344.6,3381.7,1687534,58425,153.57
2024-05-20,3374.7,3395.4,3361.6,3394.4,1566239,58441,155.07
2024-05-21,3388.9,3418.1,3225.3,3232.9,11025060,58051,154.79
2024-05-22,3241.1,3251.7,3206.1,3213.1,2039378,57721,155.21
2024-05-23,3201.4,3251.0,3198.9,3244.8,2639435,57657,154.78
2024-05-24,3220.4,3277.8,3201.5,3268.7,2168246,57852,155.25
2024-05-27,3272.9,3281.3,3175.5,3185.9,5984930,56922,155.38
2024-05-28,3183.6,3300.4,3171.0,3278.3,5124184,57749,156.82
2024-05-29,3282.5,3356.3,3273.0,3334.1,3832293,57277,156.35
2024-05-30,3331.6,3444.9,3310.2,3438.8,6080341,57349,155.77
2024-05-31,3444.9,3497.9,3441.5,3488.7,3062045,57760,157.58
2024-06-03,3502.4,3538.5,3299.8,3310.6,9378846,56572,157.34
2024-06-04,3304.9,3402.9,3276.8,3384.4,3013291,56457,156.94
2024-06-05,3379.9,3385.3,3345.4,3348.7,2295967,56318,158.24
2024-06-06,3364.8,3389.7,3339.6,3353.7,1110006,55684,158.67
2024-06-07,3344.9,3351.2,3263.7,3265.5,4966707,54769,158.10
2024-06-10,3267.1,3270.0,3204.4,3229.7,2023663,54813,158.63
2024-06-11,3247.7,3262.4,3065.4,3069.6,9957093,54634,158.75
2024-06-12,3083.0,3093.2,3069.7,3090.8,1907226,54664,159.73
2024-06-13,3082.1,3127.7,3079.2,3113.6,2382326,55032,158.40
2024-06-14,3113.4,3174.5,3110.8,3155.9,3905742,55336,158.38
2024-06-17,3156.3,3219.1,3152.1,3214.9,5167921,55609,156.83
2024-06-18,3208.2,3220.9,3187.2,3214.6,947846,55568,158.91
2024-06-19,3216.3,3231.3,3176.1,3206.5,1307053,55624,159.13
2024-06-20,3210.5,3238.6,3209.2,3237.6,3288422,56464,159.62
2024-06-21,3243.4,3308.5,3237.1,3292.9,4318178,57271,157.59
2024-06-24,3304.6,3320.0,3206.6,3214.5,3184563,56699,157.84
2024-06-25,3211.7,3299.5,3190.0,3284.8,4343075,57203,157.67
2024-06-26,3286.1,3330.4,3285.4,3310.8,2565677,57482,158.24
2024-06-27,3303.2,3358.2,3302.5,3329.3,1525241,57528,157.31
2024-06-28,3320.1,3353.7,3308.8,3333.9,1143197,58449,157.35
2024-07-01,3323.6,3345.2,3313.6,3342.4,1217135,58495,158.61
2024-07-02,3346.6,3364.9,3239.2,3251.3,5264439,58768,158.34
2024-07-03,3244.5,3299.2,3241.4,3282.3,2248150,59050,158.46
2024-07-04,3272.3,3283.2,3248.3,3275.1,1247903,58749,157.72
2024-07-05,3274.6,3284.3,3170.3,3182.8,4189573,57790,156.16
2024-07-08,3178.0,3201.9,3167.6,3179.9,1040784,57467,156.42
2024-07-09,3185.4,3196.3,3121.0,3144.4,2152716,57133,157.54
2024-07-10,3148.2,3163.4,3088.9,3105.7,2107945,56401,158.61
2024-07-11,3108.8,3113.3,3067.4,3074.4,3332997,55648,159.23
2024-07-12,3078.4,3093.0,2957.1,2973.1,5044954,54358,158.29
2024-07-15,2972.9,3000.0,2927.6,2935.0,2830871,54042,158.37
2024-07-16,2937.0,2938.2,2917.4,2918.4,1973113,53732,157.47
2024-07-17,2925.2,2930.3,2861.1,2870.1,4511346,53601,157.92
2024-07-18,2861.4,2935.0,2841.9,2928.9,5632391,54444,156.83
2024-07-19,2930.7,2937.3,2923.4,2925.5,1096637,54541,156.51
2024-07-22,2911.0,2922.4,2859.7,2861.0,5050586,53880,156.81
2024-07-23,2857.6,2894.6,2854.6,2889.8,1897246,54357,157.47
2024-07-24,2889.0,2894.0,2865.8,2866.3,2752452,54041,157.05
2024-07-25,2885.7,2888.3,2711.6,2722.3,11068290,53501,157.81
2024-07-26,2725.6,2738.5,2683.3,2689.7,2645187,53163,156.78
2024-07-29,2693.4,2695.7,2641.6,2654.7,3123937,52452,158.51
2024-07-30,2658.3,2665.6,2656.4,2664.3,1757143,52693,159.37
2024-07-31,2676.7,2681.7,2625.3,2627.2,3675760,52020,158.78
2024-08-01,2622.4,2670.7,2619.3,2665.7,3380103,51701,159.17
2024-08-02,2669.7,2691.9,2634.7,2642.2,2124726,51038,158.38
2024-08-05,2636.7,2648.5,2624.7,2629.4,1956840,50749,159.19
2024-08-06,2631.7,2647.4,2629.5,2642.0,1660530,50674,158.32
2024-08-07,2638.1,2641.1,2625.9,2635.1,1258887,51257,157.42
2024-08-08,2633.2,2683.7,2632.1,2680.8,3890705,52348,156.95
2024-08-09,2681.6,2731.3,2669.0,2720.8,3660292,52256,158.17
2024-08-12,2711.0,2772.0,2699.2,2769.3,5006855,53227,157.83
2024-08-13,2773.0,2779.9,2667.9,2695.0,7436388,53327,158.00
2024-08-14,2692.8,2703.2,2677.5,2698.4,1048226,53333,158.25
2024-08-15,2685.6,2706.4,2683.7,2705.1,1504783,53187,158.30
2024-08-16,2701.5,2706.2,2642.1,2646.4,5531878,52848,158.20
2024-08-19,2648.8,2652.6,2595.0,2602.6,2500258,52747,157.53
2024-08-20,2609.8,2624.0,2524.9,2541.2,3364123,52615,157.42
2024-08-21,2542.5,2558.1,2539.3,2555.4,1524186,52790,155.66
2024-08-22,2561.0,2588.2,2518.4,2527.8,2094147,53013,156.66
2024-08-23,2529.8,2531.5,2501.1,2505.8,2864101,52873,158.61
2024-08-26,2508.7,2555.2,2501.6,2542.3,4560717,52605,158.66
2024-08-27,2556.3,2566.5,2507.7,2510.7,3285284,52090,158.26
2024-08-28,2500.7,2567.5,2499.7,2557.9,4155256,52439,158.09
2024-08-29,2561.3,2563.5,2527.1,2545.5,2072317,51717,159.06
2024-08-30,2545.6,2559.5,2512.4,2523.5,1827424,51937,159.07
2024-09-02,2521.2,2630.4,2519.7,2626.2,7264952,52956,159.92
2024-09-03,2627.1,2636.1,2548.6,2561.5,4300463,52510,159.48
2024-09-04,2567.5,2576.8,2543.1,2557.8,1114379,52717,159.63
2024-09-05,2544.1,2550.1,2539.8,2542.8,2075511,52789,158.86
2024-09-06,2553.3,2566.0,2483.2,2501.0,4988880,52331,157.89
2024-09-09,2499.6,2516.9,2486.8,2516.8,1906689,52481,157.74
2024-09-10,2522.8,2583.6,2515.7,2582.0,4408842,52952,158.56
2024-09-11,2592.0,2626.3,2584.6,2613.3,2353960,53161,159.93
2024-09-12,2605.5,2614.1,2574.0,2602.9,1693893,53310,161.33
2024-09-13,2594.1,2682.2,2589.5,2679.6,7288514,53087,161.52
2024-09-16,2688.5,2699.6,2678.6,2694.9,1990684,52822,162.11
2024-09-17,2683.7,2719.7,2675.7,2719.0,2977683,53401,161.11
2024-09-18,2724.0,2767.2,2718.5,2759.8,4645700,53831,162.21
2024-09-19,2776.3,2783.3,2708.6,2714.3,2691210,53495,160.77
2024-09-20,2716.4,2734.3,2707.2,2711.0,1043269,53686,160.87
2024-09-23,2702.9,2731.3,2681.2,2727.6,2392093,54101,160.88
2024-09-24,2733.0,2814.9,2732.5,2804.4,3562005,54256,161.08
2024-09-25,2798.1,2824.9,2796.8,2823.4,1588411,54449,161.55
2024-09-26,2845.1,2879.5,2833.8,2837.9,2097981,54914,161.58
2024-09-27,2819.5,2915.8,2811.7,2913.7,5039105,55131,162.59
2024-09-30,2915.9,2948.7,2898.4,2941.0,2053211,55515,162.86
2024-10-01,2944.7,2951.2,2850.2,2857.3,4534019,54147,162.96
2024-10-02,2861.0,2894.3,2858.6,2887.6,2063340,53773,163.61
2024-10-03,2889.5,2903.0,2885.5,2892.8,1164414,53177,163.00
2024-10-04,2884.9,2949.7,2877.6,2949.3,3354786,54083,162.09
2024-10-07,2952.5,2953.0,2891.2,2902.8,4170513,53500,161.35
2024-10-08,2883.3,2914.2,2861.2,2869.4,3671560,53072,161.55
2024-10-09,2872.2,2925.6,2869.4,2915.4,2747099,53287,162.30
2024-10-10,2928.2,2957.2,2897.8,2906.5,1543710,52875,163.53
2024-10-11,2896.7,2903.1,2861.1,2875.6,2175645,52083,163.62
2024-10-14,2851.8,2869.2,2843.5,2858.6,2115747,51706,163.98
2024-10-15,2852.5,2863.5,2850.3,2856.9,1043274,52231,166.47
2024-10-16,2856.0,2895.9,2850.9,2886.8,2039874,52182,166.93
2024-10-17,2888.9,2901.7,2878.2,2896.2,1278803,52607,167.33
2024-10-18,2902.3,2917.6,2889.4,2908.8,1460153,52601,167.64
2024-10-21,2898.1,2923.0,2842.5,2861.0,4602066,52294,168.50
2024-10-22,2839.9,2902.3,2839.6,2890.0,2454467,52647,170.92
2024-10-23,2899.3,2905.0,2881.4,2881.9,1509744,52340,169.89
2024-10-24,2878.1,2926.0,2875.0,2923.7,3496608,52845,170.52
2024-10-25,2917.9,2974.2,2917.4,2967.5,3469824,52916,170.92
2024-10-28,2972.3,2984.1,2960.0,2963.3,1214886,52729,171.94
2024-10-29,2956.0,3123.5,2945.3,3113.2,5852232,53608,172.11
2024-10-30,3108.3,3148.5,3105.1,3131.2,1579079,53101,173.88
2024-10-31,3121.5,3204.2,3091.1,3179.6,2628336,53587,173.65
2024-11-01,3173.6,3183.7,3062.2,3064.0,9116694,52967,172.74
2024-11-04,3066.0,3074.1,3021.1,3035.2,1907686,52719,172.90
2024-11-05,3016.0,3044.5,2998.7,3028.0,1418701,52628,173.58
2024-11-06,3027.7,3062.3,3012.7,3050.3,1638644,52850,174.15
2024-11-07,3044.1,3126.2,3022.1,3110.4,4026660,53416,173.71
2024-11-08,3111.8,3114.5,3109.8,3113.6,1163355,53417,175.59
2024-11-11,3115.1,3138.3,3059.3,3075.4,2252486,53371,174.96
2024-11-12,3070.9,3083.2,3062.2,3078.1,1076633,53600,175.28
2024-11-13,3088.8,3105.1,3033.7,3039.4,2413687,53231,175.86
2024-11-14,3017.3,3035.4,2996.2,3026.2,1458686,53558,175.04
2024-11-15,3027.9,3075.5,3023.4,3071.5,3076272,54506,173.76
2024-11-18,3068.7,3079.2,2973.5,2982.5,8095167,53786,174.31
2024-11-19,2984.8,3073.8,2980.3,3061.1,6929205,54254,173.93
2024-11-20,3068.3,3070.5,3005.5,3017.3,2999608,54017,172.88
2024-11-21,3021.3,3036.8,2954.0,2975.7,3610978,53607,172.79
2024-11-22,2967.9,2993.4,2934.6,2935.2,2531981,53407,173.03
2024-11-25,2930.6,2972.6,2926.7,2968.2,3338766,54015,175.14
2024-11-26,2970.8,2984.0,2967.5,2974.3,1121450,54208,174.69
2024-11-27,2989.6,3005.7,2983.4,3000.3,1778483,54109,173.56
2024-11-28,2996.7,3022.7,2967.0,3007.0,1299532,54494,173.35
2024-11-29,2989.1,3003.2,2964.1,2967.7,2308137,54071,174.42
2024-12-02,2969.2,2975.5,2930.1,2943.2,2256971,53955,175.89
2024-12-03,2939.5,2966.3,2934.4,2958.8,1912482,53782,175.63
2024-12-04,2980.6,2987.8,2902.1,2915.0,3354502,53323,174.05
2024-12-05,2902.0,2926.5,2898.6,2918.8,1169710,52804,174.81
2024-12-06,2913.5,2944.5,2909.8,2942.5,2152671,53030,173.46
2024-12-09,2936.3,2984.2,2906.3,2973.6,3007488,53507,174.76
2024-12-10,2980.4,3074.9,2966.7,3066.1,7401068,53504,175.18
2024-12-11,3067.9,3075.2,3048.8,3056.0,1610111,53300,176.31
2024-12-12,3047.3,3048.9,2926.6,2937.0,9017670,53175,176.79
2024-12-13,2944.1,3001.8,2918.3,3001.6,4619680,53405,178.30
2024-12-16,3000.9,3072.4,2987.4,3064.8,5693785,54171,178.32
2024-12-17,3069.3,3090.1,3064.6,3085.6,1691547,54752,178.49
2024-12-18,3083.9,3156.0,3078.6,3149.0,3077680,55340,178.34
2024-12-19,3144.6,3148.0,3079.1,3081.0,3375130,55008,179.81
2024-12-20,3067.1,3102.3,3065.2,3100.8,1703039,55252,182.02
2024-12-23,3105.8,3128.7,3100.2,3114.7,1965596,54797,181.25
2024-12-24,3107.0,3174.3,3096.5,3171.2,4836196,55667,180.38
2024-12-25,3181.7,3256.7,3166.4,3239.4,2987325,56571,181.42
2024-12-26,3224.3,3278.2,3215.2,3270.8,1938022,57138,181.99
2024-12-27,3276.5,3367.2,3259.9,3366.7,5592876,57923,183.42
2024-12-30,3370.8,3404.9,3369.4,3401.0,2105960,57753,185.29
2024-12-31,3396.0,3459.6,3393.9,3454.6,2722133,58140,184.50
2025-01-01,3438.5,3486.4,3435.9,3477.5,1975422,58990,183.54
2025-01-02,3474.1,3476.3,3408.9,3427.5,3068947,58579,184.34
2025-01-03,3430.8,3433.5,3403.1,3408.9,1532083,58393,182.34
2025-01-06,3409.9,3419.8,3377.7,3396.2,1337804,58392,184.60
2025-01-07,3377.4,3448.4,3374.7,3430.8,2397169,58845,183.60
2025-01-08,3428.5,3479.9,3424.4,3457.8,2223789,59011,182.45
2025-01-09,3449.3,3463.2,3374.0,3381.0,3452611,58152,181.83
2025-01-10,3390.6,3393.4,3311.2,3317.9,4468549,57646,181.59
2025-01-13,3325.9,3346.6,3308.4,3331.4,1762280,57595,181.16
2025-01-14,3328.4,3334.2,3151.1,3159.1,11922510,56061,180.69
2025-01-15,3149.0,3249.9,3145.2,3238.9,6545868,56482,180.71
2025-01-16,3250.0,3254.3,3249.5,3250.5,1413716,56495,180.14
2025-01-17,3239.8,3242.3,3172.5,3202.1,2914471,56023,179.00
2025-01-20,3217.1,3231.7,3174.8,3196.0,1281465,55922,180.35
2025-01-21,3196.8,3254.0,3172.6,3236.5,4061048,56925,179.68
2025-01-22,3239.6,3272.9,3229.3,3268.9,2938443,57616,179.85
2025-01-23,3251.1,3301.7,3230.0,3280.0,1374388,57768,179.93
2025-01-24,3283.8,3314.9,3279.3,3309.8,3056493,58238,179.09
2025-01-27,3309.6,3321.1,3291.8,3301.0,1398139,57955,178.86
2025-01-28,3309.5,3311.3,3276.5,3282.2,2222624,57585,178.78
2025-01-29,3283.8,3392.2,3282.9,3377.1,6950418,58689,179.19
2025-01-30,3363.9,3481.8,3345.6,3473.8,7308424,59537,179.29
2025-01-31,3451.5,3462.7,3395.3,3396.5,3213327,58620,178.94
2025-02-03,3415.0,3415.7,3371.0,3371.3,2350569,58926,178.90
2025-02-04,3373.9,3378.2,3305.3,3327.8,3815830,58328,177.68
2025-02-05,3325.4,3354.4,3321.0,3352.5,2119465,58696,176.17
2025-02-06,3361.0,3367.1,3332.1,3352.4,923070,58106,177.04
2025-02-07,3374.6,3379.7,3301.6,3328.6,2322726,57963,177.69
2025-02-10,3314.4,3387.5,3307.4,3384.7,4746818,58350,179.31
2025-02-11,3387.4,3396.8,3353.6,3368.6,1571398,58510,179.83
2025-02-12,3353.2,3355.3,3330.8,3339.5,2242967,58570,179.34
2025-02-13,3345.2,3352.7,3343.5,3347.5,1305552,59086,178.71
2025-02-14,3346.3,3348.2,3276.8,3298.6,4489666,58697,178.42
2025-02-17,3320.0,3334.2,3298.6,3307.3,1307425,58698,178.72
2025-02-18,3306.8,3349.3,3300.2,3347.2,2224757,58309,177.77
2025-02-19,3351.4,3354.7,3281.7,3308.0,2520679,58050,178.02
2025-02-20,3294.5,3295.2,3240.0,3242.5,3267956,56997,179.34
2025-02-21,3240.3,3344.1,3234.2,3331.0,7081813,58056,179.71
2025-02-24,3342.0,3355.6,3296.8,3315.3,1538558,57883,179.56
2025-02-25,3314.6,3368.0,3308.9,3354.7,3146888,58004,178.77
2025-02-26,3352.4,3375.1,3347.9,3361.6,1390428,58095,179.18
2025-02-27,3377.9,3434.9,3370.2,3421.9,3014292,58828,180.55
2025-02-28,3429.5,3431.9,3243.7,3273.9,5179462,58099,179.86
2025-03-03,3271.4,3389.9,3264.9,3370.5,4054096,58531,178.88
2025-03-04,3382.4,3385.1,3358.3,3360.7,1325321,58229,178.94
2025-03-05,3342.4,3348.5,3303.2,3309.5,3581988,57245,178.98
2025-03-06,3296.2,3404.4,3295.3,3362.2,4775530,57415,180.04
2025-03-07,3351.3,3359.7,3278.4,3286.7,4556000,56997,178.86
2025-03-10,3284.4,3293.8,3279.6,3286.2,942930,57018,180.58
2025-03-11,3284.9,3297.1,3238.5,3259.8,2124113,56993,181.45
2025-03-12,3265.3,3270.0,3157.2,3167.5,5018683,56940,181.54
2025-03-13,3187.6,3208.0,3167.0,3206.4,2127250,57411,179.38
2025-03-14,3206.1,3210.2,3108.7,3116.6,4220368,57174,178.75
2025-03-17,3128.2,3160.6,3122.5,3160.4,4229894,58377,180.07
2025-03-18,3171.0,3175.8,3147.8,3165.6,1163018,58526,180.80
2025-03-19,3180.8,3203.0,3116.5,3119.4,3019178,59242,180.09
2025-03-20,3134.2,3154.2,3042.6,3067.3,2916508,59396,179.24
2025-03-21,3074.4,3091.8,3056.0,3077.7,1722021,59225,178.43
2025-03-24,3070.5,3161.1,3049.7,3149.4,6464928,60045,177.57
2025-03-25,3157.8,3238.7,3140.8,3238.6,7570016,60359,178.12
2025-03-26,3241.3,3273.7,3219.5,3272.5,2525800,61030,178.18
2025-03-27,3262.3,3287.4,3251.1,3273.1,951654,60904,177.04
2025-03-28,3257.0,3262.3,3170.1,3174.6,4166734,60693,176.14
2025-03-31,3168.4,3179.1,3167.9,3171.4,1100949,60173,175.60
2025-04-01,3157.5,3158.4,3073.8,3092.6,5810637,59456,175.16
2025-04-02,3098.2,3145.2,3093.4,3136.1,3812925,60236,175.53
2025-04-03,3121.8,3155.7,3116.6,3150.2,1432052,60288,176.37
2025-04-04,3149.0,3163.0,3126.3,3143.6,1253560,60193,176.82
2025-04-07,3135.2,3167.1,3122.3,3124.7,2253351,60515,176.70
2025-04-08,3138.3,3141.5,3079.1,3082.1,2939114,59932,176.18
2025-04-09,3091.0,3524.7,3083.0,3519.3,20016380,59894,175.97
2025-04-10,3522.7,3532.3,3506.5,3527.4,1326879,60627,176.19
2025-04-11,3539.3,3563.7,3533.3,3551.2,2209239,60141,177.27
2025-04-14,3556.2,3582.9,3529.7,3576.9,1834516,60029,178.17
2025-04-15,3589.5,3597.4,3463.5,3470.2,6090419,59153,178.34
2025-04-16,3463.1,3572.9,3457.3,3550.8,5091523,59257,179.38
2025-04-17,3559.5,3563.4,3452.5,3465.0,5766084,58638,179.95
2025-04-18,3455.6,3527.5,3435.7,3519.4,4259820,59067,180.11
2025-04-21,3510.0,3554.5,3473.9,3553.4,2814372,59178,179.61
2025-04-22,3530.4,3610.3,3525.2,3598.4,3195345,59429,178.57
